Date,Water,City,Species,Qty,Size (inch)
4/18/2024,ANDROSCOGGIN R,LISBON,BROOK TROUT,300,10
5/7/2024,ANDROSCOGGIN R,LISBON,BROOK TROUT,200,10
4/25/2024,ANDROSCOGGIN R (LITTLE),AUBURN,BROWN TROUT,515,9
4/25/2024,ANDROSCOGGIN R (LITTLE),MECHANIC FALLS,BROWN TROUT,350,9
4/25/2024,ANDROSCOGGIN R (LITTLE),MINOT,BROWN TROUT,300,9
4/25/2024,ANDROSCOGGIN R (LITTLE),MINOT,RAINBOW TROUT,300,11
4/25/2024,ANDROSCOGGIN R (LITTLE),AUBURN,RAINBOW TROUT,515,11
4/25/2024,ANDROSCOGGIN R (LITTLE),MECHANIC FALLS,RAINBOW TROUT,350,11
5/8/2024,ANDROSCOGGIN R (LITTLE),AUBURN,BROWN TROUT,355,10
5/14/2024,ANDROSCOGGIN R (LITTLE),MECHANIC FALLS,BROWN TROUT,550,9
5/14/2024,ANDROSCOGGIN R (LITTLE),MINOT,BROWN TROUT,400,9
5/14/2024,ANDROSCOGGIN R (LITTLE),AUBURN,BROWN TROUT,360,9
5/14/2024,ANDROSCOGGIN R (LITTLE),MINOT,RAINBOW TROUT,300,11
5/14/2024,ANDROSCOGGIN R (LITTLE),AUBURN,RAINBOW TROUT,515,11
5/14/2024,ANDROSCOGGIN R (LITTLE),MECHANIC FALLS,RAINBOW TROUT,350,11
10/3/2024,ANDROSCOGGIN R (LITTLE),MINOT,RAINBOW TROUT,200,14
10/3/2024,ANDROSCOGGIN R (LITTLE),AUBURN,RAINBOW TROUT,200,14
10/3/2024,ANDROSCOGGIN R (LITTLE),MECHANIC FALLS,RAINBOW TROUT,100,14
11/27/2024,ANDROSCOGGIN R (LITTLE),MINOT,RAINBOW TROUT,25,20
5/17/2024,AUBURN L,AUBURN,LAKE TROUT,1150,7
6/4/2024,AUBURN L,AUBURN,L.L. SALMON,500,8
4/11/2024,BARTLETT P,LIVERMORE,BROOK TROUT,440,10
10/7/2024,BARTLETT P,LIVERMORE,BROOK TROUT,300,12
10/7/2024,BARTLETT P,LIVERMORE,BROOK TROUT,500,8
11/19/2024,BARTLETT P,LIVERMORE,BROOK TROUT,40,17
4/24/2024,BASIN B,AUBURN,BROOK TROUT,300,10
4/18/2024,BEAVER PARK P #2,LISBON,BROOK TROUT,100,10
4/18/2024,BEAVER PARK P #3,LISBON,BROOK TROUT,100,10
10/18/2024,BEAVER PARK P #3,LISBON,BROOK TROUT,200,7
4/11/2024,BRETTUNS P,LIVERMORE,BROOK TROUT,300,10
5/1/2024,BRETTUNS P,LIVERMORE,BROWN TROUT,100,9
10/7/2024,BRETTUNS P,LIVERMORE,BROOK TROUT,500,8
10/7/2024,BRETTUNS P,LIVERMORE,BROOK TROUT,500,12
11/19/2024,BRETTUNS P,LIVERMORE,BROOK TROUT,25,17
10/7/2024,CRYSTAL (BEALS) P,TURNER,BROOK TROUT,250,12
10/10/2024,CRYSTAL (BEALS) P,TURNER,BROOK TROUT,250,7
5/1/2024,LITTLE R,LISBON,BROWN TROUT,500,9
5/7/2024,LITTLE R,LISBON,BROOK TROUT,300,10
10/3/2024,LONG P,LIVERMORE,BROWN TROUT,100,12
10/7/2024,LONG P,LIVERMORE,BROOK TROUT,500,12
4/18/2024,MEADOW B,DURHAM,BROOK TROUT,100,10
5/7/2024,MEADOW B,DURHAM,BROOK TROUT,100,10
4/18/2024,NEWELL B,DURHAM,BROOK TROUT,150,10
5/7/2024,NEWELL B,DURHAM,BROOK TROUT,150,10
4/26/2024,NEZINSCOT R,TURNER,BROWN TROUT,200,9
4/26/2024,NEZINSCOT R,TURNER,BROWN TROUT,1075,9
5/8/2024,NEZINSCOT R,TURNER,BROOK TROUT,650,10
5/16/2024,PETTINGILL PARK P,AUBURN,BROOK TROUT,200,10
5/8/2024,PLEASANT P,TURNER,BROOK TROUT,100,10
10/7/2024,PLEASANT P,TURNER,BROOK TROUT,400,12
10/29/2024,PLEASANT P,TURNER,L.L. SALMON,50,12
2/15/2024,RANGE P (LOWER),POLAND,BROOK TROUT,300,14
10/4/2024,RANGE P (LOWER),POLAND,BROWN TROUT,300,12
10/7/2024,RANGE P (LOWER),POLAND,BROOK TROUT,200,12
1/23/2024,RANGE P (MIDDLE),POLAND,BROOK TROUT,100,14
10/2/2024,RANGE P (MIDDLE),POLAND,RAINBOW TROUT,650,14
10/4/2024,RANGE P (MIDDLE),POLAND,BROWN TROUT,325,12
10/7/2024,RANGE P (MIDDLE),POLAND,BROOK TROUT,350,12
11/15/2024,RANGE P (MIDDLE),POLAND,BROOK TROUT,15,19
11/27/2024,RANGE P (MIDDLE),POLAND,RAINBOW TROUT,50,20
10/2/2024,RANGE P (UPPER),POLAND,RAINBOW TROUT,300,14
10/3/2024,RANGE P (UPPER),POLAND,BROWN TROUT,150,12
10/7/2024,RANGE P (UPPER),POLAND,BROOK TROUT,400,12
11/15/2024,RANGE P (UPPER),POLAND,BROOK TROUT,10,19
11/27/2024,RANGE P (UPPER),POLAND,RAINBOW TROUT,50,20
4/11/2024,ROUND P,LIVERMORE,BROOK TROUT,200,10
10/3/2024,ROUND P,LIVERMORE,BROWN TROUT,100,12
10/7/2024,ROUND P,LIVERMORE,BROOK TROUT,400,12
10/10/2024,ROUND P,LIVERMORE,BROOK TROUT,400,7
11/19/2024,ROUND P,LIVERMORE,BROOK TROUT,25,17
4/22/2024,ROYAL R,AUBURN,BROOK TROUT,200,10
4/30/2024,ROYAL R,AUBURN,BROOK TROUT,200,10
4/24/2024,STETSON B,LEWISTON,BROOK TROUT,150,10
5/31/2024,STETSON B,LEWISTON,BROWN TROUT,300,9
6/4/2024,THOMPSON L,POLAND,L.L. SALMON,750,8
5/7/2024,TRIPP P,POLAND,BROWN TROUT,400,9
11/6/2024,TRIPP P,POLAND,BROWN TROUT,100,12
11/26/2024,TRIPP P,POLAND,L.L. SALMON,40,20
12/3/2024,TRIPP P,POLAND,BROWN TROUT,50,18
4/2/2024,WORTHLEY P,POLAND,BROOK TROUT,200,10
5/7/2024,WORTHLEY P,POLAND,BROWN TROUT,75,9
10/17/2024,WORTHLEY P,POLAND,BROOK TROUT,750,8
10/17/2024,WORTHLEY P,POLAND,BROOK TROUT,175,12
11/6/2024,WORTHLEY P,POLAND,BROOK TROUT,15,17
11/6/2024,WORTHLEY P,POLAND,BROWN TROUT,75,12
4/30/2024,ARNOLD BROOK L,PRESQUE ISLE,BROOK TROUT,300,10
10/30/2024,ARNOLD BROOK L,PRESQUE ISLE,BROOK TROUT,1000,13
5/15/2024,BEAU L,T19 R11 WELS,LAKE TROUT,800,6
5/15/2024,BEAVER TAIL P,T14 R9 WELS,BROOK TROUT,295,11
9/23/2024,BLACK P,SAINT JOHN PLT,BROOK TROUT,400,8
5/15/2024,BLACK P (LITTLE SO),T15 R9 WELS,BROOK TROUT,70,11
4/11/2024,BROWN P,HOULTON,BROOK TROUT,100,10
9/24/2024,CARRY L,LITTLETON,BROOK TROUT,1500,8
5/30/2024,CHURCH ON THE HILL P,HOULTON,BROOK TROUT,150,10
4/30/2024,CONROY L,MONTICELLO,BROOK TROUT,500,10
10/25/2024,CONROY L,MONTICELLO,SPLAKE,200,13
11/7/2024,CONROY L,MONTICELLO,BROOK TROUT,50,18
5/13/2024,CORBIN P,GRAND ISLE,BROOK TROUT,200,10
11/8/2024,CROSS L,T16 R5 WELS,L.L. SALMON,140,17
10/8/2024,DAIGLE P,NEW CANADA,BROOK TROUT,500,8
9/30/2024,DEEP L #1,LITTLETON,BROOK TROUT,600,8
5/1/2024,DEERING L,WESTON,BROOK TROUT,750,10
5/16/2024,DEERING L,WESTON,L.L. SALMON,320,7
9/23/2024,DICKWOOD L,EAGLE LAKE,BROOK TROUT,2000,8
4/26/2024,DREWS (MEDUXNEKEAG) L,LINNEUS,BROWN TROUT,450,9
10/25/2024,DREWS (MEDUXNEKEAG) L,LINNEUS,SPLAKE,500,13
9/19/2024,DUREPO L,LIMESTONE,BROOK TROUT,2000,8
10/8/2024,DUREPO L,LIMESTONE,BROOK TROUT,500,13
9/25/2024,ECHO L,PRESQUE ISLE,BROOK TROUT,6000,8
9/26/2024,FAULKNER L,WESTON,BROOK TROUT,200,13
9/26/2024,FISH RIVER,FORT KENT,BROOK TROUT,1000,13
9/26/2024,FISH RIVER,FORT KENT,L.L. SALMON,650,12
9/23/2024,FOX P,T17 R12 WELS,BROOK TROUT,200,8
5/15/2024,GLAZIER L,T18 R10 WELS,LAKE TROUT,1000,6
5/2/2024,GRAND L (EAST),WESTON,BROOK TROUT,1500,10
5/16/2024,GRAND L (EAST),WESTON,L.L. SALMON,2100,7
5/16/2024,GRAND L (EAST),ORIENT,L.L. SALMON,2100,7
5/24/2024,GRAND L (EAST),ORIENT,BROOK TROUT,1500,9
10/9/2024,GRAND L (EAST),ORIENT,BROOK TROUT,600,13
10/9/2024,GRAND L (EAST),WESTON,BROOK TROUT,600,13
9/23/2024,HALE P,MORO PLT,BROOK TROUT,700,8
5/1/2024,HANNINGTON P,REED PLT,BROOK TROUT,300,10
9/24/2024,HANSON BROOK L,MAPLETON,BROOK TROUT,2500,8
9/30/2024,HODGDON DEADWATER,HODGDON,BROWN TROUT,250,12
9/30/2024,ISLAND P,T14 R8 WELS,BROOK TROUT,500,7
7/3/2024,LIMESTONE STREAM,LIMESTONE,BROOK TROUT,200,11
4/30/2024,LOGAN L,HOULTON,BROOK TROUT,250,10
5/28/2024,LONG L,T17 R4 WELS,L.L. SALMON,3800,8
11/8/2024,MADAWASKA L,T16 R4 WELS,BROOK TROUT,200,14
11/8/2024,MADAWASKA L,T16 R4 WELS,L.L. SALMON,140,17
11/12/2024,MADAWASKA L,T16 R4 WELS,BROOK TROUT,1300,14
5/29/2024,MANTLE L,PRESQUE ISLE,BROOK TROUT,500,11
10/2/2024,MATTAWAMKEAG L,T4 R3 WELS,L.L. SALMON,600,12
5/8/2024,MATTAWAMKEAG R,HAYNESVILLE,BROOK TROUT,1500,10
5/29/2024,MATTAWAMKEAG R,HAYNESVILLE,BROOK TROUT,600,10
6/11/2024,MATTAWAMKEAG R,HAYNESVILLE,BROOK TROUT,660,10
5/8/2024,MATTAWAMKEAG R (EAST BRANCH),OAKFIELD,BROOK TROUT,600,10
5/8/2024,MATTAWAMKEAG R (EAST BRANCH),FORKSTOWN TWP,BROOK TROUT,1000,10
5/29/2024,MATTAWAMKEAG R (EAST BRANCH),FORKSTOWN TWP,BROOK TROUT,600,10
6/4/2024,MCNALLY P (UPPER),T11 R10 WELS,BROOK TROUT,1000,11
5/13/2024,MEDUXNEKEAG R (NORTH BRANCH),MONTICELLO,BROOK TROUT,275,10
5/13/2024,MEDUXNEKEAG R (NORTH BRANCH),TC R2 WELS,BROOK TROUT,275,10
5/13/2024,MICHAUD P,FORT KENT,BROOK TROUT,200,10
5/15/2024,MOCCASIN P,T14 R8 WELS,BROOK TROUT,90,11
10/8/2024,MOLUNKUS L,MOLUNKUS TWP,BROOK TROUT,800,13
10/8/2024,MOLUNKUS L,MOLUNKUS TWP,L.L. SALMON,300,12
4/23/2024,MONSON P,FORT FAIRFIELD,BROOK TROUT,2000,10
4/11/2024,MUD P,LINNEUS,BROOK TROUT,600,10
11/7/2024,MUD P,LINNEUS,BROOK TROUT,50,18
4/11/2024,NICKERSON L,NEW LIMERICK,BROOK TROUT,400,10
9/30/2024,NICKERSON L,NEW LIMERICK,BROWN TROUT,200,12
10/7/2024,NICKERSON L,NEW LIMERICK,BROOK TROUT,800,13
9/30/2024,NUMBER NINE L,T9 R3 WELS,BROOK TROUT,500,7
4/11/2024,PLEASANT L,ISLAND FALLS,BROOK TROUT,1700,10
5/23/2024,PLEASANT L,ISLAND FALLS,L.L. SALMON,650,7
5/13/2024,PORTAGE HILLS COUNTRY CLUB P,PORTAGE LAKE,BROOK TROUT,150,10
9/23/2024,RIDEOUT P,T19 R12 WELS,BROOK TROUT,50,8
4/30/2024,ROCK CRUSHER P,ISLAND FALLS,BROOK TROUT,300,10
10/7/2024,ROCK CRUSHER P,ISLAND FALLS,BROOK TROUT,200,13
5/6/2024,ROCKABEMA L,MORO PLT,BROOK TROUT,800,10
5/15/2024,ROUND MOUNTAIN P,T11 R8 WELS,BROOK TROUT,450,10
10/16/2024,ROWE L,T11 R8 WELS,BROOK TROUT,250,13
10/23/2024,SCOPAN L,T11 R4 WELS,SPLAKE,550,13
10/23/2024,SCOPAN L,SQUAPAN TWP,SPLAKE,550,13
9/26/2024,SCOPAN STREAM,MASARDIS,L.L. SALMON,350,12
5/15/2024,SLY BROOK L (THIRD),NEW CANADA,L.L. SALMON,150,7
5/16/2024,SPAULDING L,OAKFIELD,BROOK TROUT,800,9
9/30/2024,SPAULDING L,OAKFIELD,BROOK TROUT,400,13
11/7/2024,SPAULDING L,OAKFIELD,BROOK TROUT,50,18
4/11/2024,STEWART P,HODGDON,BROOK TROUT,250,10
4/11/2024,STILES P,DYER BROOK,BROOK TROUT,250,10
9/30/2024,STILES P,DYER BROOK,BROOK TROUT,150,8
9/19/2024,TIMONEY L,OAKFIELD,BROOK TROUT,3000,8
6/13/2024,TOGUE P,T15 R9 WELS,L.L. SALMON,250,7
9/19/2024,TRAFTON L,LIMESTONE,BROOK TROUT,2500,8
9/23/2024,UGH L,T12 R14 WELS,BROOK TROUT,1000,8
10/16/2024,UMCOLCUS L,T7 R5 WELS,BROOK TROUT,500,13
4/2/2024,ADAMS P,BRIDGTON,BROOK TROUT,400,10
5/7/2024,ALDEN'S P,GORHAM,BROOK TROUT,100,10
5/19/2024,ALDEN'S P,GORHAM,BROOK TROUT,100,10
5/29/2024,BARKER P,SEBAGO,BROWN TROUT,150,9
11/8/2024,BARKER P,SEBAGO,BROWN TROUT,75,12
4/17/2024,BEAVER P,WESTBROOK,BROOK TROUT,200,10
4/11/2024,BRANDY B,NEW GLOUCESTER,BROOK TROUT,100,10
4/10/2024,CHAFFIN P,WINDHAM,BROOK TROUT,200,10
10/16/2024,CHAFFIN P,WINDHAM,BROOK TROUT,100,12
10/16/2024,CHAFFIN P,WINDHAM,BROOK TROUT,500,8
11/15/2024,CHAFFIN P,WINDHAM,BROOK TROUT,15,19
11/19/2024,CHAFFIN P,WINDHAM,BROOK TROUT,400,8
4/17/2024,CHANDLER B,NORTH YARMOUTH,BROOK TROUT,100,10
4/17/2024,CHANDLER B,POWNAL,BROOK TROUT,400,10
5/1/2024,CHANDLER B,POWNAL,BROWN TROUT,300,9
5/1/2024,CHANDLER B,NORTH YARMOUTH,BROWN TROUT,150,9
4/17/2024,CHANDLER B (EAST BRANCH),POWNAL,BROOK TROUT,500,10
11/22/2024,COFFEE P,CASCO,BROOK TROUT,300,12
5/16/2024,COFFIN P,BRUNSWICK,BROOK TROUT,200,10
6/6/2024,COFFIN P,BRUNSWICK,BROOK TROUT,200,10
5/16/2024,COLD RAIN P,NAPLES,BROOK TROUT,300,10
10/10/2024,COLD RAIN P,NAPLES,BROOK TROUT,500,8
10/10/2024,COLD RAIN P,NAPLES,BROOK TROUT,100,12
4/11/2024,COLLYER B,GRAY,BROOK TROUT,300,10
4/30/2024,COLLYER B,GRAY,BROOK TROUT,900,10
5/5/2024,COLLYER B,GRAY,BROWN TROUT,800,9
10/25/2024,CRESCENT L,RAYMOND,L.L. SALMON,200,12
5/30/2024,CRYSTAL (ANONYMOUS) P,HARRISON,L.L. SALMON,75,8
10/8/2024,CRYSTAL (ANONYMOUS) P,HARRISON,BROOK TROUT,250,12
10/3/2024,CRYSTAL L (DRY P),GRAY,RAINBOW TROUT,250,14
10/7/2024,CRYSTAL L (DRY P),GRAY,BROOK TROUT,285,12
10/21/2024,CRYSTAL L (DRY P),GRAY,BROWN TROUT,250,12
11/15/2024,CRYSTAL L (DRY P),GRAY,BROOK TROUT,15,19
11/27/2024,CRYSTAL L (DRY P),GRAY,RAINBOW TROUT,25,20
5/2/2024,HIGHLAND L,BRIDGTON,BROWN TROUT,600,9
11/1/2024,HIGHLAND L,BRIDGTON,BROWN TROUT,150,12
10/17/2024,HINKLEY P (LOWER),SOUTH PORTLAND,BROOK TROUT,200,8
10/17/2024,HINKLEY P (LOWER),SOUTH PORTLAND,BROOK TROUT,50,12
11/19/2024,HINKLEY P (LOWER),SOUTH PORTLAND,BROOK TROUT,400,8
10/17/2024,HINKLEY P (UPPER),SOUTH PORTLAND,BROOK TROUT,200,8
10/17/2024,HINKLEY P (UPPER),SOUTH PORTLAND,BROOK TROUT,50,12
11/19/2024,HINKLEY P (UPPER),SOUTH PORTLAND,BROOK TROUT,400,8
4/24/2024,ISLAND P,HARRISON,BROOK TROUT,300,9
4/24/2024,JORDAN R,RAYMOND,BROOK TROUT,300,9
5/20/2024,JORDAN R,RAYMOND,BROOK TROUT,300,10
4/3/2024,LILY P,NEW GLOUCESTER,RAINBOW TROUT,300,10
4/22/2024,LITTLE R,GORHAM,BROOK TROUT,550,10
5/7/2024,LITTLE R,GORHAM,BROOK TROUT,550,10
5/13/2024,LITTLE R,GORHAM,BROWN TROUT,200,9
5/14/2024,LITTLE R,GORHAM,BROWN TROUT,800,9
4/21/2024,LITTLE R (NORTH BRANCH),GORHAM,BROOK TROUT,100,10
5/7/2024,LITTLE R (NORTH BRANCH),GORHAM,BROOK TROUT,100,10
5/14/2024,LITTLE R (NORTH BRANCH),GORHAM,BROWN TROUT,300,9
10/22/2024,LONG L,HARRISON,BROWN TROUT,1500,12
10/25/2024,LONG L,HARRISON,L.L. SALMON,500,12
10/25/2024,LONG L,NAPLES,L.L. SALMON,500,12
10/25/2024,LONG L,BRIDGTON,L.L. SALMON,500,12
12/3/2024,LONG L,HARRISON,BROWN TROUT,95,18
4/17/2024,MILL B,WESTBROOK,BROOK TROUT,150,10
5/6/2024,MILL B,WESTBROOK,BROOK TROUT,150,10
5/14/2024,MILL B,WESTBROOK,BROWN TROUT,250,9
6/4/2024,MOOSE P,BRIDGTON,L.L. SALMON,650,8
4/25/2024,MUDDY R,NAPLES,BROOK TROUT,150,9
5/15/2024,MUDDY R,NAPLES,BROOK TROUT,300,10
6/4/2024,MUDDY R,NAPLES,BROOK TROUT,300,10
5/14/2024,NONESUCH R,SCARBOROUGH,BROWN TROUT,450,9
4/25/2024,NORTHWEST R,SEBAGO,BROOK TROUT,100,9
5/15/2024,NORTHWEST R,SEBAGO,BROOK TROUT,100,10
5/22/2024,NUBBLE P,RAYMOND,BROOK TROUT,100,10
10/11/2024,NUBBLE P,RAYMOND,BROOK TROUT,25,12
4/23/2024,OTTER P #2,STANDISH,BROOK TROUT,200,10
10/15/2024,OTTER P #2,STANDISH,BROOK TROUT,600,8
10/15/2024,OTTER P #2,STANDISH,BROOK TROUT,125,12
10/31/2024,OTTER P #2,STANDISH,BROOK TROUT,15,17
11/19/2024,OTTER P #2,STANDISH,BROOK TROUT,400,8
4/23/2024,OTTER P #4,STANDISH,BROOK TROUT,100,10
10/15/2024,OTTER P #4,STANDISH,BROOK TROUT,300,8
10/15/2024,OTTER P #4,STANDISH,BROOK TROUT,75,12
10/31/2024,OTTER P #4,STANDISH,BROOK TROUT,10,17
11/19/2024,OTTER P #4,STANDISH,BROOK TROUT,400,8
10/25/2024,PANTHER P,RAYMOND,L.L. SALMON,450,12
10/11/2024,PARKER P,CASCO,BROOK TROUT,200,12
5/30/2024,PEABODY P,SEBAGO,L.L. SALMON,350,8
10/16/2024,PETTINGILL P,WINDHAM,BROOK TROUT,300,12
10/16/2024,PETTINGILL P,WINDHAM,BROWN TROUT,80,12
12/18/2024,PETTINGILL P,WINDHAM,BROOK TROUT,100,12
4/15/2024,PINELAND P,NEW GLOUCESTER,BROOK TROUT,200,10
5/24/2024,PINELAND P,NEW GLOUCESTER,BROOK TROUT,150,10
4/17/2024,PISCATAQUA R,CUMBERLAND,BROOK TROUT,150,10
4/17/2024,PISCATAQUA R,FALMOUTH,BROOK TROUT,150,10
5/14/2024,PISCATAQUA R,CUMBERLAND,BROWN TROUT,250,9
5/14/2024,PISCATAQUA R,FALMOUTH,BROWN TROUT,900,9
4/22/2024,PLEASANT R,WINDHAM,BROOK TROUT,500,10
5/1/2024,PLEASANT R,WINDHAM,BROWN TROUT,1450,9
5/6/2024,PLEASANT R,WINDHAM,BROOK TROUT,500,10
4/22/2024,PRESUMPSCOT R,WINDHAM,BROOK TROUT,600,10
5/2/2024,PRESUMPSCOT R,WINDHAM,BROOK TROUT,400,10
5/13/2024,PRESUMPSCOT R,WINDHAM,BROWN TROUT,900,9
5/14/2024,PRESUMPSCOT R,WINDHAM,BROOK TROUT,400,10
5/14/2024,PRESUMPSCOT R,WESTBROOK,BROWN TROUT,400,9
5/14/2024,PRESUMPSCOT R,WINDHAM,BROWN TROUT,400,9
5/24/2024,PRESUMPSCOT R,WINDHAM,BROOK TROUT,300,10
5/31/2024,PRESUMPSCOT R,WINDHAM,BROWN TROUT,550,9
6/6/2024,PRESUMPSCOT R,WINDHAM,BROOK TROUT,300,10
9/27/2024,PRESUMPSCOT R,WINDHAM,L.L. SALMON,200,10
10/10/2024,PRESUMPSCOT R,WINDHAM,BROOK TROUT,400,12
10/16/2024,PRESUMPSCOT R,WINDHAM,BROWN TROUT,100,12
10/24/2024,PRESUMPSCOT R,WINDHAM,L.L. SALMON,200,12
10/25/2024,PRESUMPSCOT R,WINDHAM,BROOK TROUT,300,12
11/1/2024,PRESUMPSCOT R,WINDHAM,BROOK TROUT,150,12
11/20/2024,PRESUMPSCOT R,WINDHAM,BROOK TROUT,15,19
11/20/2024,PRESUMPSCOT R,WINDHAM,BROOK TROUT,100,12
12/3/2024,PRESUMPSCOT R,WINDHAM,BROWN TROUT,75,18
12/3/2024,PRESUMPSCOT R,WINDHAM,L.L. SALMON,100,18
12/18/2024,PRESUMPSCOT R,WINDHAM,BROOK TROUT,100,12
4/22/2024,ROYAL R,NEW GLOUCESTER,BROOK TROUT,200,10
4/22/2024,ROYAL R,YARMOUTH,BROOK TROUT,200,10
4/30/2024,ROYAL R,NEW GLOUCESTER,BROOK TROUT,300,10
4/30/2024,ROYAL R,YARMOUTH,BROOK TROUT,200,10
5/15/2024,ROYAL R,NORTH YARMOUTH,BROWN TROUT,300,9
5/15/2024,ROYAL R,YARMOUTH,BROWN TROUT,775,9
5/15/2024,ROYAL R,NEW GLOUCESTER,BROWN TROUT,350,9
10/17/2024,ROYAL R,YARMOUTH,BROOK TROUT,100,12
12/3/2024,ROYAL R,YARMOUTH,BROWN TROUT,50,18
4/10/2024,SABBATHDAY L,NEW GLOUCESTER,BROOK TROUT,500,10
10/4/2024,SABBATHDAY L,NEW GLOUCESTER,BROWN TROUT,350,12
10/11/2024,SABBATHDAY L,NEW GLOUCESTER,BROOK TROUT,400,12
11/15/2024,SABBATHDAY L,NEW GLOUCESTER,BROOK TROUT,15,19
4/25/2024,SACO R,STANDISH,BROOK TROUT,200,10
5/2/2024,SACO R,STANDISH,BROWN TROUT,300,9
5/2/2024,SACO R,BALDWIN,BROWN TROUT,300,9
5/9/2024,SACO R,STANDISH,BROOK TROUT,200,10
10/10/2024,SAND P,BALDWIN,BROOK TROUT,200,12
11/15/2024,SAND P,BALDWIN,BROOK TROUT,15,19
6/4/2024,SEBAGO L,RAYMOND,L.L. SALMON,2000,8
10/9/2024,SEBAGO L (LITTLE),WINDHAM,RAINBOW TROUT,700,14
10/10/2024,SEBAGO L (LITTLE),WINDHAM,BROWN TROUT,1000,12
11/27/2024,SEBAGO L (LITTLE),WINDHAM,RAINBOW TROUT,50,20
4/17/2024,SONGO R,CASCO,BROOK TROUT,300,10
5/6/2024,SONGO R,CASCO,BROOK TROUT,300,10
4/15/2024,STEVENS B,NEW GLOUCESTER,BROOK TROUT,100,10
4/18/2024,STEVENS B,BRIDGTON,BROOK TROUT,400,9
5/2/2024,STEVENS B,NEW GLOUCESTER,BROOK TROUT,200,10
5/2/2024,STEVENS B,BRIDGTON,BROWN TROUT,900,9
5/2/2024,STEVENS B,BRIDGTON,BROWN TROUT,150,9
5/13/2024,STEVENS B,BRIDGTON,BROOK TROUT,400,9
5/14/2024,STEVENS B,NEW GLOUCESTER,BROOK TROUT,200,10
10/8/2024,THOMAS P,CASCO,BROOK TROUT,300,12
11/22/2024,THOMAS P,CASCO,BROOK TROUT,15,17
12/4/2024,THOMAS P,CASCO,L.L. SALMON,30,18
4/10/2024,TRICKEY P,NAPLES,SPLAKE,800,10
4/25/2024,TRICKEY P,NAPLES,BROOK TROUT,800,9
5/30/2024,TRICKEY P,NAPLES,L.L. SALMON,100,8
10/8/2024,TRICKEY P,NAPLES,BROOK TROUT,50,12
11/18/2024,TRICKEY P,NAPLES,BROOK TROUT,50,12
5/2/2024,WILLETT B,BRIDGTON,BROWN TROUT,400,9
5/2/2024,WOOD P,BRIDGTON,BROWN TROUT,650,9
11/1/2024,WOOD P,BRIDGTON,BROWN TROUT,325,12
10/28/2024,BARNARD P,EUSTIS,BROOK TROUT,1250,7
10/8/2024,BEAL (TROUT) P,MADRID,BROOK TROUT,1600,6
10/9/2024,BEAVER P,TOWNSHIP D,BROOK TROUT,1900,7
10/9/2024,BEAVER P,TOWNSHIP D,BROOK TROUT,150,12
10/4/2024,BLANCHARD P,ALDER STREAM TWP,BROOK TROUT,350,6
5/24/2024,BOUNDARY P,BEATTIE TWP,BROOK TROUT,700,10
5/6/2024,BUG EYE P,CHAIN OF PONDS TWP,BROOK TROUT,200,10
5/6/2024,CARIBOU BOG,CHAIN OF PONDS TWP,BROOK TROUT,150,10
4/19/2024,CARRABASSETT R,CARRABASSET VALLEY,BROOK TROUT,250,10
4/19/2024,CARRABASSETT R,KINGFIELD,BROOK TROUT,450,10
5/7/2024,CARRABASSETT R,KINGFIELD,BROOK TROUT,200,10
5/21/2024,CARRABASSETT R,KINGFIELD,RAINBOW TROUT,200,11
6/5/2024,CARRABASSETT R,KINGFIELD,RAINBOW TROUT,200,11
10/8/2024,CARRABASSETT R,KINGFIELD,BROOK TROUT,150,12
5/6/2024,CHAIN OF PONDS,CHAIN OF PONDS TWP,BROOK TROUT,1450,10
9/23/2024,CHAIN OF PONDS,CHAIN OF PONDS TWP,BROOK TROUT,600,12
4/23/2024,CLEARWATER P,INDUSTRY,BROOK TROUT,1500,10
10/7/2024,CLEARWATER P,INDUSTRY,BROOK TROUT,1000,12
10/7/2024,CLEARWATER P,INDUSTRY,L.L. SALMON,250,13
10/22/2024,CLEARWATER P,INDUSTRY,BROOK TROUT,250,13
11/15/2024,CLEARWATER P,INDUSTRY,BROOK TROUT,30,19
10/18/2024,CROWELL P,NEW SHARON,BROOK TROUT,1250,12
11/15/2024,CROWELL P,NEW SHARON,BROOK TROUT,25,17
5/6/2024,DEAD R (NORTH BRANCH),ALDER STREAM TWP,BROOK TROUT,750,10
5/22/2024,DEAD R (NORTH BRANCH),ALDER STREAM TWP,BROOK TROUT,750,10
4/29/2024,DEAD R (SOUTH BRANCH),LANG TWP,BROOK TROUT,220,10
4/29/2024,DEAD R (SOUTH BRANCH),DALLAS PLT,BROOK TROUT,440,10
4/29/2024,DEAD R (SOUTH BRANCH),COPLIN PLT,BROOK TROUT,220,10
5/22/2024,DEAD R (SOUTH BRANCH),LANG TWP,BROOK TROUT,200,10
5/22/2024,DEAD R (SOUTH BRANCH),DALLAS PLT,BROOK TROUT,400,10
5/22/2024,DEAD R (SOUTH BRANCH),COPLIN PLT,BROOK TROUT,200,10
10/8/2024,DEAD R (SOUTH BRANCH),DALLAS PLT,BROOK TROUT,400,12
5/14/2024,DODGE P,RANGELEY,BROOK TROUT,750,10
10/1/2024,DUTTON (SHILOH) P,KINGFIELD,BROOK TROUT,1200,6
9/27/2024,EDDY P,SANDY RIVER PLT,BROOK TROUT,400,6
4/22/2024,EGYPT P,CHESTERVILLE,BROOK TROUT,300,10
10/16/2024,GREENBUSH P,JIM POND TWP,BROOK TROUT,75,12
5/7/2024,GRINDSTONE P,KINGFIELD,BROOK TROUT,250,10
10/28/2024,GRINDSTONE P,KINGFIELD,BROOK TROUT,500,7
5/24/2024,GULL P,DALLAS PLT,BROOK TROUT,900,10
5/14/2024,HALEY B,RANGELEY,BROOK TROUT,150,10
6/5/2024,HALEY B,RANGELEY,BROOK TROUT,150,10
5/14/2024,HALEY P,RANGELEY,BROOK TROUT,600,10
10/23/2024,HALEY P,RANGELEY,BROOK TROUT,450,14
5/22/2024,HARVEY P,MADRID,BROOK TROUT,200,10
10/9/2024,HARVEY P,MADRID,BROOK TROUT,150,12
10/22/2024,HARVEY P,MADRID,BROOK TROUT,50,13
4/22/2024,HILLS P,PERKINS TWP,BROOK TROUT,350,10
10/9/2024,HILLS P,PERKINS TWP,BROOK TROUT,2200,7
9/30/2024,HURRICANE P,KIBBY TWP,BROOK TROUT,1000,7
9/30/2024,INDIAN P (BIG),LOWELLTOWN TWP,BROOK TROUT,1950,7
5/15/2024,JIM P (BIG),JIM POND TWP,BROOK TROUT,550,10
10/16/2024,JIM P (LITTLE),JIM POND TWP,BROOK TROUT,1000,7
9/27/2024,LEDGE P,SANDY RIVER PLT,BROOK TROUT,250,6
5/22/2024,LONG COVE P,PHILLIPS,BROOK TROUT,100,10
9/27/2024,LONG P,TOWNSHIP E,BROOK TROUT,2850,6
5/9/2024,LOON L,DALLAS PLT,BROOK TROUT,200,10
5/9/2024,LOON L,DALLAS PLT,L.L. SALMON,100,7
9/27/2024,LOON L,DALLAS PLT,BROOK TROUT,3500,6
10/9/2024,LOON L,DALLAS PLT,BROOK TROUT,350,12
10/7/2024,LUFKIN P,PHILLIPS,SPLAKE,350,13
10/30/2024,LUFKIN P,PHILLIPS,BROWN TROUT,100,12
9/27/2024,MIDWAY P,SANDY RIVER PLT,BROOK TROUT,350,6
10/2/2024,MOUNT BLUE P,AVON,SPLAKE,750,13
10/30/2024,MOUNT BLUE P,AVON,BROWN TROUT,200,12
9/27/2024,MOXIE P,TOWNSHIP D,BROOK TROUT,200,6
5/2/2024,MT BLUE HIGH SCHOOL P,FARMINGTON,BROOK TROUT,55,10
5/16/2024,MUD POND,TOWNSHIP 6 NORTH OF WELD,BROOK TROUT,450,2
4/12/2024,MUDDY B,INDUSTRY,BROOK TROUT,50,10
4/23/2024,MUDDY B,INDUSTRY,BROOK TROUT,50,10
5/28/2024,MUDDY B,INDUSTRY,BROOK TROUT,100,10
6/6/2024,MUDDY B,INDUSTRY,BROOK TROUT,50,10
10/23/2024,NORCROSS P,CHESTERVILLE,BROOK TROUT,800,12
11/8/2024,NORCROSS P,CHESTERVILLE,BROWN TROUT,100,12
11/15/2024,NORCROSS P,CHESTERVILLE,BROOK TROUT,25,17
5/16/2024,OTTER P,CHAIN OF PONDS TWP,BROOK TROUT,150,10
5/7/2024,PINNACLE P,KINGFIELD,BROOK TROUT,150,10
5/29/2024,PINNACLE P,KINGFIELD,BROOK TROUT,50,9
5/13/2024,PODUNK P,CARTHAGE,BROOK TROUT,350,10
4/23/2024,PORTER L,STRONG,BROOK TROUT,1210,10
5/29/2024,PORTER L,STRONG,BROOK TROUT,250,9
10/18/2024,PORTER L,STRONG,L.L. SALMON,300,14
10/22/2024,PORTER L,STRONG,BROOK TROUT,1250,13
10/23/2024,PORTER L,STRONG,BROOK TROUT,250,13
11/15/2024,PORTER L,STRONG,BROOK TROUT,75,19
5/9/2024,QUIMBY P,RANGELEY,BROOK TROUT,350,10
5/14/2024,RANGELEY GUIDES P,RANGELEY,BROOK TROUT,75,10
6/5/2024,RANGELEY GUIDES P,RANGELEY,BROOK TROUT,82,10
6/28/2024,RANGELEY GUIDES P,RANGELEY,BROOK TROUT,110,10
5/14/2024,RANGELEY L,RANGELEY,BROOK TROUT,1000,10
5/14/2024,RANGELEY L,RANGELEY,L.L. SALMON,900,7
9/27/2024,ROCK P,SANDY RIVER PLT,BROOK TROUT,500,6
5/14/2024,ROUND P,RANGELEY,BROOK TROUT,400,10
9/27/2024,ROUND P,TOWNSHIP E,BROOK TROUT,1520,6
5/16/2024,SADDLEBACK L,DALLAS PLT,BROOK TROUT,1000,10
4/24/2024,SANDY R,MADRID,BROOK TROUT,200,10
4/24/2024,SANDY R,FARMINGTON,BROOK TROUT,1500,10
4/24/2024,SANDY R,STRONG,BROOK TROUT,500,10
4/24/2024,SANDY R,PHILLIPS,BROOK TROUT,500,10
4/24/2024,SANDY R,NEW SHARON,BROOK TROUT,350,10
5/13/2024,SANDY R,NEW SHARON,BROWN TROUT,900,9
5/13/2024,SANDY R,FARMINGTON,BROWN TROUT,1000,9
5/15/2024,SANDY R,FARMINGTON,BROWN TROUT,1800,9
10/8/2024,SANDY R,FARMINGTON,BROOK TROUT,350,12
10/8/2024,SANDY R,PHILLIPS,BROOK TROUT,50,12
10/8/2024,SANDY R,NEW SHARON,BROOK TROUT,50,12
10/8/2024,SANDY R,STRONG,BROOK TROUT,100,12
10/8/2024,SANDY R,MADRID,BROOK TROUT,50,12
5/14/2024,SANDY RIVER P (MIDDLE),SANDY RIVER PLT,BROOK TROUT,600,10
5/14/2024,SANDY RIVER P (MIDDLE),SANDY RIVER PLT,BROOK TROUT,200,10
10/22/2024,SANDY RIVER P (MIDDLE),SANDY RIVER PLT,BROOK TROUT,300,13
5/16/2024,SCHOOLHOUSE P,AVON,BROOK TROUT,125,10
9/27/2024,SOUTH (PINE TREE) P,SANDY RIVER PLT,BROOK TROUT,600,6
9/27/2024,SPENCER P,TOWNSHIP D,BROOK TROUT,800,6
9/27/2024,STETSON P,PHILLIPS,BROOK TROUT,800,6
9/27/2024,SWIFT RIVER P,TOWNSHIP E,BROOK TROUT,450,6
5/21/2024,TEA P,JIM POND TWP,BROOK TROUT,1000,10
5/21/2024,TEA P,JIM POND TWP,L.L. SALMON,100,7
6/11/2024,TEA P (LITTLE),JIM POND TWP,BROOK TROUT,270,3
5/2/2024,TEMPLE STREAM,TEMPLE,BROOK TROUT,330,10
5/2/2024,TEMPLE STREAM,FARMINGTON,BROOK TROUT,220,10
5/21/2024,TEMPLE STREAM,FARMINGTON,BROOK TROUT,200,10
5/21/2024,TEMPLE STREAM,TEMPLE,BROOK TROUT,300,10
6/18/2024,THE HORNS P,WYMAN TWP,BROOK TROUT,300,3
4/22/2024,TOOTHAKER P,PHILLIPS,BROOK TROUT,400,10
10/9/2024,TOOTHAKER P,PHILLIPS,BROOK TROUT,200,6
10/22/2024,TOOTHAKER P,PHILLIPS,BROOK TROUT,250,13
9/27/2024,TUMBLEDOWN P,TOWNSHIP 6 NORTH OF WELD,BROOK TROUT,450,6
5/14/2024,VARNUM P,WILTON,BROOK TROUT,1000,10
5/14/2024,VARNUM P,WILTON,L.L. SALMON,100,7
6/11/2024,VILES P (LITTLE),JIM POND TWP,BROOK TROUT,360,3
10/15/2024,WEBB L,WELD,BROOK TROUT,500,12
10/15/2024,WEBB L,WELD,BROOK TROUT,500,13
10/15/2024,WEBB L,WELD,L.L. SALMON,100,14
10/16/2024,WEBB L,WELD,BROOK TROUT,500,12
10/16/2024,WEBB L,WELD,BROOK TROUT,500,13
10/28/2024,WEBB L,WELD,BROWN TROUT,600,12
10/28/2024,WEBB L,WELD,L.L. SALMON,100,12
11/18/2024,WEBB L,WELD,BROOK TROUT,50,17
4/24/2024,WEBB R,CARTHAGE,BROOK TROUT,700,10
5/21/2024,WILSON P,WILTON,BROOK TROUT,433,10
5/21/2024,WILSON P,WILTON,BROOK TROUT,433,10
5/21/2024,WILSON P,WILTON,BROOK TROUT,433,10
10/17/2024,WILSON P,WILTON,BROOK TROUT,366,13
10/17/2024,WILSON P,WILTON,BROOK TROUT,366,12
10/17/2024,WILSON P,WILTON,L.L. SALMON,150,14
10/29/2024,WILSON P,WILTON,L.L. SALMON,150,12
11/14/2024,WILSON P,WILTON,BROOK TROUT,366,12
4/19/2024,WILSON STREAM,WILTON,BROOK TROUT,250,10
5/1/2024,WILSON STREAM,WILTON,BROOK TROUT,495,10
5/21/2024,WILSON STREAM,WILTON,BROOK TROUT,450,10
10/3/2024,ANDERSON P,T10 SD,BROOK TROUT,250,8
5/8/2024,BEECH HILL P,OTIS,L.L. SALMON,350,7
11/20/2024,BEECH HILL P,OTIS,L.L. SALMON,71,19
10/22/2024,BIRCH HARBOR P,WINTER HARBOR,BROOK TROUT,175,7
10/22/2024,BIRCH HARBOR P,WINTER HARBOR,BROOK TROUT,75,13
5/9/2024,BRANCH L,ELLSWORTH,L.L. SALMON,500,7
10/16/2024,BRANCH P (UPPER MIDDLE),AURORA,L.L. SALMON,50,13
10/31/2024,BREAKNECK P (LOWER),BAR HARBOR,BROOK TROUT,125,8
10/31/2024,BREAKNECK P (UPPER),BAR HARBOR,BROOK TROUT,125,8
4/23/2024,BUBBLE P,BAR HARBOR,BROOK TROUT,175,10
10/15/2024,BUBBLE P,BAR HARBOR,BROOK TROUT,50,13
10/15/2024,BUBBLE P,BAR HARBOR,BROOK TROUT,600,7
5/22/2024,BURNT LAND L,T35 MD,SPLAKE,450,10
5/9/2024,CRAIG P,ORLAND,L.L. SALMON,50,7
10/17/2024,CRAIG P,ORLAND,BROOK TROUT,1100,7
10/17/2024,CRAIG P,ORLAND,BROOK TROUT,100,13
9/24/2024,CRYSTAL P,T40 MD,BROOK TROUT,700,8
4/26/2024,DONNELL P,T9 SD,LAKE TROUT,250,7
5/8/2024,DONNELL P,T9 SD,L.L. SALMON,450,7
5/14/2024,DUCK L,OQITON TWP,L.L. SALMON,400,7
9/26/2024,DUCK L,OQITON TWP,BROOK TROUT,2000,8
10/3/2024,DUCKTAIL P,AMHERST,BROOK TROUT,260,8
5/24/2024,EAGLE L,BAR HARBOR,L.L. SALMON,50,7
10/24/2024,EAGLE L,BAR HARBOR,BROOK TROUT,3375,7
11/21/2024,EAGLE L,BAR HARBOR,L.L. SALMON,33,19
5/24/2024,ECHO L,MOUNT DESERT,L.L. SALMON,50,7
10/24/2024,ECHO L,MOUNT DESERT,BROOK TROUT,800,7
10/24/2024,ECHO L,MOUNT DESERT,BROOK TROUT,300,13
5/1/2024,FLANDERS P,SULLIVAN,BROWN TROUT,300,9
10/2/2024,FLANDERS P,SULLIVAN,RAINBOW TROUT,800,14
5/2/2024,FOX P,T10 SD,BROOK TROUT,200,10
10/11/2024,FOX P,T10 SD,BROOK TROUT,1200,7
10/11/2024,FOX P,T10 SD,BROWN TROUT,125,12
11/7/2024,GREAT P,GREAT POND,BROWN TROUT,375,12
4/26/2024,GREEN L,ELLSWORTH,LAKE TROUT,1350,7
5/9/2024,GREEN L,ELLSWORTH,L.L. SALMON,400,7
11/20/2024,GREEN L,ELLSWORTH,L.L. SALMON,92,19
10/15/2024,HADLOCK P (LOWER),MOUNT DESERT,BROOK TROUT,75,13
10/15/2024,HADLOCK P (LOWER),MOUNT DESERT,BROOK TROUT,600,7
10/15/2024,HADLOCK P (UPPER),MOUNT DESERT,BROOK TROUT,600,7
10/15/2024,HADLOCK P (UPPER),MOUNT DESERT,BROOK TROUT,75,13
10/31/2024,HALFMOON P,BAR HARBOR,BROOK TROUT,125,8
10/21/2024,HANCOCK P,BUCKSPORT,BROWN TROUT,100,12
4/17/2024,HEART P,ORLAND,SPLAKE,225,9
11/4/2024,HOPKINS P,MARIAVILLE,BROOK TROUT,600,13
4/18/2024,JACOB,BUCK P BUCKSPORT,SPLAKE,350,9
10/15/2024,JACOB,BUCK P BUCKSPORT,L.L. SALMON,25,13
10/21/2024,JACOB,BUCK P BUCKSPORT,BROOK TROUT,100,13
11/20/2024,JACOB,BUCK P BUCKSPORT,L.L. SALMON,28,15
11/21/2024,JACOB,BUCK P BUCKSPORT,BROOK TROUT,25,18
4/23/2024,JONES P,GOULDSBORO,BROWN TROUT,300,9
10/9/2024,JONES P,GOULDSBORO,RAINBOW TROUT,700,14
5/24/2024,JORDAN P,MOUNT DESERT,L.L. SALMON,50,7
5/9/2024,KING P,GREAT POND,BROWN TROUT,200,9
10/31/2024,LAKE WOOD,BAR HARBOR,BROOK TROUT,600,7
5/9/2024,LEAD MTN P (UPPER),T28 MD,BROWN TROUT,550,9
5/1/2024,LILY P,DEER ISLE,BROWN TROUT,50,9
10/3/2024,LILY P,DEER ISLE,BROOK TROUT,1100,7
5/2/2024,LITTLE P,FRANKLIN,BROOK TROUT,225,10
5/24/2024,LONG (GREAT) P,SOUTHWEST HARBOR,L.L. SALMON,225,7
10/30/2024,LONG (GREAT) P,MOUNT DESERT,BROOK TROUT,500,13
10/3/2024,LONG P,SULLIVAN,BROOK TROUT,950,8
10/30/2024,LONG P,GREAT POND,BROOK TROUT,550,13
10/30/2024,LONG P,T10 SD,BROOK TROUT,350,13
10/30/2024,LONG P,T10 SD,BROWN TROUT,300,12
10/3/2024,LONG P (LITTLE),T10 SD,BROOK TROUT,250,8
9/24/2024,LOON P,T40 MD,BROOK TROUT,300,8
9/24/2024,LOVEJOY P,T34 MD,BROOK TROUT,800,7
9/24/2024,LOVEJOY P,T34 MD,BROOK TROUT,75,13
5/8/2024,MOLASSES P,EASTBROOK,L.L. SALMON,50,7
10/30/2024,MOLASSES P,EASTBROOK,BROWN TROUT,300,12
11/21/2024,MOLASSES P,EASTBROOK,L.L. SALMON,47,19
5/3/2024,NICATOUS L,T40 MD,SPLAKE,1200,10
10/15/2024,NICATOUS L,T40 MD,SPLAKE,800,13
10/31/2024,NICATOUS L,T40 MD,L.L. SALMON,55,18
11/14/2024,NICATOUS L,T40 MD,L.L. SALMON,525,13
5/2/2024,ORLAND R,ORLAND,BROOK TROUT,400,10
10/21/2024,ORLAND R,ORLAND,BROOK TROUT,150,13
10/11/2024,OXHEAD P (MIDDLE),T40 MD,BROOK TROUT,150,13
11/14/2024,OXHEAD P (MIDDLE),T40 MD,BROOK TROUT,50,18
9/24/2024,OXHEAD P (UPPER),T40 MD,BROOK TROUT,450,8
10/3/2024,PARTRIDGE P,AMHERST,BROOK TROUT,550,8
5/9/2024,PATTEN P (LOWER),SURRY,L.L. SALMON,200,7
10/21/2024,PATTEN P (LOWER),SURRY,BROWN TROUT,150,12
5/9/2024,PHILLIPS (LUCERNE) L,DEDHAM,L.L. SALMON,300,7
10/16/2024,PHILLIPS (LUCERNE) L,DEDHAM,BROOK TROUT,700,13
11/20/2024,PHILLIPS (LUCERNE) L,DEDHAM,L.L. SALMON,86,15
5/7/2024,PICKEREL P,T32 MD,BROOK TROUT,500,10
10/8/2024,PICKEREL P,T32 MD,BROOK TROUT,600,13
11/13/2024,PICKEREL P,T32 MD,BROOK TROUT,60,14
11/13/2024,PICKEREL P,T32 MD,BROOK TROUT,50,18
12/3/2024,PICKEREL P,T32 MD,BROOK TROUT,90,14
10/22/2024,QUARRY P,SULLIVAN,BROOK TROUT,150,7
10/3/2024,RAINBOW P,T10 SD,BROOK TROUT,600,8
10/30/2024,ROUND P,MOUNT DESERT,BROOK TROUT,100,13
10/3/2024,SALMON P,T10 SD,BROOK TROUT,300,8
4/23/2024,SEAL COVE P,TREMONT,BROWN TROUT,200,9
9/26/2024,SELMORE (KILLMAN) P,OQITON TWP,BROOK TROUT,300,8
5/14/2024,SIDE PISTOL L,T3 ND,BROOK TROUT,400,9
5/2/2024,SIMMONS P,HANCOCK,BROOK TROUT,125,10
11/5/2024,SIMMONS P,HANCOCK,BROOK TROUT,200,8
11/5/2024,SIMMONS P,HANCOCK,BROOK TROUT,50,13
5/17/2024,SPRING L,T3 ND,L.L. SALMON,200,7
9/24/2024,SPRING L,T3 ND,BROOK TROUT,1000,8
10/11/2024,SPRING RIVER L,T10 SD,BROOK TROUT,700,13
10/11/2024,SPRING RIVER L,T10 SD,BROWN TROUT,700,12
11/13/2024,SPRING RIVER L,T10 SD,L.L. SALMON,75,16
11/4/2024,SPRINGY P (LOWER),OTIS,BROOK TROUT,300,14
10/3/2024,TILDEN P,T10 SD,BROOK TROUT,1250,8
5/17/2024,TITCOMB P,T32 MD,BROOK TROUT,350,10
4/18/2024,TODDY P,SURRY,SPLAKE,1000,9
5/1/2024,TODDY P,SURRY,BROWN TROUT,1000,9
5/9/2024,TODDY P,ORLAND,L.L. SALMON,400,7
9/24/2024,TROUT P,T40 MD,BROOK TROUT,300,8
10/3/2024,TROUT P,AMHERST,BROOK TROUT,250,8
5/2/2024,TUNK L,T10 SD,BROOK TROUT,1000,10
5/8/2024,TUNK L,T10 SD,L.L. SALMON,400,7
10/10/2024,WALKER P,BROOKSVILLE,BROOK TROUT,500,13
10/10/2024,WALKER P,BROOKSVILLE,BROWN TROUT,700,12
4/24/2024,WEST L,T3 ND,BROOK TROUT,700,10
4/24/2024,WEST L,T3 ND,L.L. SALMON,450,7
10/11/2024,WEST L,T3 ND,BROOK TROUT,300,13
10/31/2024,WEST L,T3 ND,L.L. SALMON,55,18
10/23/2024,WILLIAMS P,T28 MD,BROOK TROUT,250,13
10/31/2024,WITCH HOLE P,BAR HARBOR,BROOK TROUT,1125,7
10/31/2024,WITCH HOLE P,BAR HARBOR,BROOK TROUT,75,13
11/5/2024,YOUNGS P,OTIS,BROOK TROUT,250,8
11/5/2024,YOUNGS P,OTIS,BROOK TROUT,100,13
4/12/2024,BELGRADE STREAM,BELGRADE,BROOK TROUT,275,10
5/2/2024,BELGRADE STREAM,BELGRADE,BROOK TROUT,165,10
4/22/2024,CHINA L,VASSALBORO,BROOK TROUT,250,10
4/22/2024,CHINA L,CHINA,BROOK TROUT,200,10
10/10/2024,CHINA L,CHINA,BROWN TROUT,1250,12
10/25/2024,CHINA L,CHINA,BROOK TROUT,200,13
10/9/2024,COBBOSSEECONTEE L,MONMOUTH,BROWN TROUT,1600,12
10/24/2024,COBBOSSEECONTEE L,MANCHESTER,BROWN TROUT,900,12
5/3/2024,COBBOSSEECONTEE STREAM,GARDINER,BROOK TROUT,1000,10
2/21/2024,COCHNEWAGON P,MONMOUTH,BROOK TROUT,300,13
10/11/2024,COCHNEWAGON P,MONMOUTH,BROWN TROUT,300,12
10/17/2024,COCHNEWAGON P,MONMOUTH,BROOK TROUT,500,12
11/19/2024,COCHNEWAGON P,MONMOUTH,BROOK TROUT,40,17
11/26/2024,COCHNEWAGON P,MONMOUTH,BROOK TROUT,300,14
4/12/2024,ECHO L (CROTCHED P),FAYETTE,BROOK TROUT,550,10
4/16/2024,ECHO L (CROTCHED P),FAYETTE,LAKE TROUT,100,6
5/30/2024,ECHO L (CROTCHED P),FAYETTE,L.L. SALMON,400,8
10/10/2024,ECHO L (CROTCHED P),FAYETTE,BROOK TROUT,400,12
10/18/2024,ECHO L (CROTCHED P),FAYETTE,SPLAKE,200,13
11/6/2024,ECHO L (CROTCHED P),FAYETTE,BROOK TROUT,250,7
10/21/2024,FAIRBANKS P,MANCHESTER,BROWN TROUT,50,12
11/5/2024,FAIRBANKS P,MANCHESTER,BROOK TROUT,50,13
4/12/2024,FLYING P,VIENNA,BROOK TROUT,220,10
10/21/2024,FLYING P,VIENNA,BROWN TROUT,150,12
10/23/2024,FLYING P,VIENNA,BROOK TROUT,350,12
10/28/2024,FLYING P,VIENNA,L.L. SALMON,100,12
11/6/2024,FLYING P,VIENNA,BROOK TROUT,200,13
4/16/2024,GOULD P,SIDNEY,BROOK TROUT,200,10
10/21/2024,GREAT P,BELGRADE,BROWN TROUT,500,12
10/23/2024,GREAT P,BELGRADE,BROWN TROUT,3000,12
4/25/2024,JAMIES (JIMMIE) P,MANCHESTER,BROOK TROUT,300,10
4/30/2024,JAMIES (JIMMIE) P,MANCHESTER,BROOK TROUT,300,10
5/21/2024,JAMIES (JIMMIE) P,MANCHESTER,BROOK TROUT,300,10
10/22/2024,JAMIES (JIMMIE) P,MANCHESTER,BROOK TROUT,400,14
10/22/2024,JAMIES (JIMMIE) P,MANCHESTER,SPLAKE,100,13
10/17/2024,JUG STREAM,MONMOUTH,BROOK TROUT,75,12
10/3/2024,KIMBALL P,VIENNA,BROOK TROUT,800,8
4/16/2024,LITCHFIELD SPORTSMAN CLUB P,LITCHFIELD,BROOK TROUT,100,10
5/16/2024,LITCHFIELD SPORTSMAN CLUB P,LITCHFIELD,BROOK TROUT,100,10
4/12/2024,LONG P,BELGRADE,BROOK TROUT,165,10
11/7/2024,LONG P,ROME,RAINBOW TROUT,4400,14
4/16/2024,MARANACOOK L,WINTHROP,LAKE TROUT,100,6
5/30/2024,MARANACOOK L,WINTHROP,L.L. SALMON,350,8
11/1/2024,MARANACOOK L,WINTHROP,BROOK TROUT,400,13
11/1/2024,MARANACOOK L,WINTHROP,BROWN TROUT,200,12
11/5/2024,MCGRATH P,OAKLAND,BROOK TROUT,400,13
4/17/2024,MESSALONSKEE L,OAKLAND,BROOK TROUT,500,10
4/18/2024,MESSALONSKEE L,OAKLAND,BROWN TROUT,150,14
5/21/2024,MESSALONSKEE L,OAKLAND,BROOK TROUT,200,10
10/9/2024,MESSALONSKEE L,SIDNEY,BROWN TROUT,2000,12
11/1/2024,MESSALONSKEE L,SIDNEY,SPLAKE,1000,13
11/7/2024,MESSALONSKEE L,OAKLAND,BROWN TROUT,500,12
11/26/2024,MESSALONSKEE L,OAKLAND,SPLAKE,200,13
4/17/2024,MESSALONSKEE STREAM,WATERVILLE,BROOK TROUT,220,10
4/17/2024,MESSALONSKEE STREAM,WATERVILLE,BROOK TROUT,200,10
4/17/2024,MESSALONSKEE STREAM,OAKLAND,BROOK TROUT,440,10
5/2/2024,MESSALONSKEE STREAM,OAKLAND,BROOK TROUT,440,10
5/2/2024,MESSALONSKEE STREAM,WATERVILLE,BROOK TROUT,440,10
11/25/2024,MESSALONSKEE STREAM,OAKLAND,BROOK TROUT,1000,8
4/16/2024,MINNEHONK L,MOUNT VERNON,BROOK TROUT,200,10
10/10/2024,MINNEHONK L,MOUNT VERNON,BROOK TROUT,300,12
10/18/2024,MINNEHONK L,MOUNT VERNON,SPLAKE,200,13
11/6/2024,MINNEHONK L,MOUNT VERNON,BROOK TROUT,200,13
11/6/2024,MINNEHONK L,MOUNT VERNON,BROOK TROUT,250,7
11/19/2024,MINNEHONK L,MOUNT VERNON,BROOK TROUT,40,17
11/26/2024,MINNEHONK L,MOUNT VERNON,BROOK TROUT,100,14
11/26/2024,MINNEHONK L,MOUNT VERNON,SPLAKE,125,13
4/30/2024,MONMOUTH SPORTSMAN CLUB P,MONMOUTH,BROOK TROUT,200,10
4/16/2024,NARROWS P (LOWER),WINTHROP,LAKE TROUT,100,6
4/19/2024,NARROWS P (LOWER),WINTHROP,BROOK TROUT,200,10
11/11/2024,NARROWS P (LOWER),WINTHROP,BROOK TROUT,200,13
4/19/2024,NARROWS P (UPPER),WINTHROP,BROOK TROUT,400,10
11/11/2024,NARROWS P (UPPER),WINTHROP,BROOK TROUT,400,13
10/10/2024,PARKER P,MOUNT VERNON,BROOK TROUT,500,12
10/28/2024,PARKER P,MOUNT VERNON,L.L. SALMON,300,12
4/12/2024,SALMON L (ELLIS P),BELGRADE,BROOK TROUT,440,10
10/29/2024,SALMON L (ELLIS P),BELGRADE,BROOK TROUT,500,13
10/29/2024,SALMON L (ELLIS P),BELGRADE,BROWN TROUT,400,12
4/18/2024,SAM ASSOCIATION P (LOWER SMALL),AUGUSTA,BROOK TROUT,200,10
10/18/2024,SAM ASSOCIATION P (LOWER SMALL),AUGUSTA,BROOK TROUT,50,13
10/18/2024,SAM ASSOCIATION P (LOWER SMALL),AUGUSTA,BROOK TROUT,150,8
4/18/2024,SAM ASSOCIATION P (UPPER BIG),AUGUSTA,BROOK TROUT,200,10
10/18/2024,SAM ASSOCIATION P (UPPER BIG),AUGUSTA,BROOK TROUT,100,13
10/18/2024,SAM ASSOCIATION P (UPPER BIG),AUGUSTA,BROOK TROUT,100,8
4/25/2024,SAND P (TACOMA LKS),MONMOUTH,BROOK TROUT,300,10
5/7/2024,SAND P (TACOMA LKS),MONMOUTH,BROWN TROUT,200,9
10/17/2024,SAND P (TACOMA LKS),MONMOUTH,BROOK TROUT,300,12
10/27/2024,SAVADE P,WINDSOR,BROOK TROUT,300,13
11/7/2024,SAVADE P,WINDSOR,BROOK TROUT,100,13
11/19/2024,SAVADE P,WINDSOR,BROOK TROUT,30,17
4/25/2024,SEBASTICOOK R,CLINTON,BROOK TROUT,250,10
10/5/2024,SILVER L,SIDNEY,RAINBOW TROUT,75,14
10/21/2024,SILVER L,SIDNEY,BROWN TROUT,25,12
5/11/2024,SPECTACLE P,VASSALBORO,BROOK TROUT,500,10
10/27/2024,SPECTACLE P,VASSALBORO,BROWN TROUT,150,12
5/6/2024,THREEMILE P,CHINA,BROWN TROUT,600,9
10/27/2024,THREEMILE P,CHINA,BROOK TROUT,300,13
4/24/2024,TOGUS P,AUGUSTA,BROOK TROUT,400,10
4/24/2024,TOGUS P,AUGUSTA,BROWN TROUT,400,9
5/21/2024,TOGUS P,AUGUSTA,BROOK TROUT,200,10
10/25/2024,TOGUS P,AUGUSTA,BROOK TROUT,550,13
4/24/2024,TOGUS VA HOSPITAL,AUGUSTA,BROOK TROUT,300,10
5/16/2024,TYLER P,MANCHESTER,BROOK TROUT,250,10
4/28/2024,WILSON STREAM,MONMOUTH,BROOK TROUT,300,10
4/28/2024,WOODBURY P,LITCHFIELD,BROOK TROUT,200,10
5/7/2024,WOODBURY P,LITCHFIELD,BROWN TROUT,250,9
10/17/2024,WOODBURY P,LITCHFIELD,BROOK TROUT,300,12
4/19/2024,ALFORD L,HOPE,BROOK TROUT,200,10
10/24/2024,ALFORD L,HOPE,L.L. SALMON,75,12
10/25/2024,ALFORD L,HOPE,BROOK TROUT,500,13
10/25/2024,ALFORD L,HOPE,BROOK TROUT,750,7
10/25/2024,ALFORD L,HOPE,BROWN TROUT,300,12
4/28/2024,BOOTH QUARRY P,VINALHAVEN,BROOK TROUT,125,10
4/19/2024,CHICKAWAUKIE P,ROCKLAND,BROOK TROUT,250,10
10/22/2024,CHICKAWAUKIE P,ROCKLAND,BROOK TROUT,500,13
11/21/2024,CHICKAWAUKIE P,ROCKLAND,BROOK TROUT,500,8
10/27/2024,CRYSTAL P,WASHINGTON,BROOK TROUT,200,13
10/27/2024,CRYSTAL P,WASHINGTON,BROWN TROUT,100,12
11/7/2024,CRYSTAL P,WASHINGTON,BROOK TROUT,100,13
11/19/2024,CRYSTAL P,WASHINGTON,BROOK TROUT,30,17
4/30/2024,GOOSE R,CAMDEN,BROOK TROUT,200,10
11/1/2024,HOBBS P,HOPE,BROOK TROUT,200,13
4/30/2024,HOSMER P,CAMDEN,BROOK TROUT,250,10
10/28/2024,HOSMER P,CAMDEN,BROOK TROUT,250,13
10/28/2024,HOSMER P,CAMDEN,BROWN TROUT,50,12
11/7/2024,HOSMER P,CAMDEN,BROWN TROUT,200,12
11/21/2024,HOSMER P,CAMDEN,BROOK TROUT,500,8
4/28/2024,LAWSON QUARRY P,VINALHAVEN,BROOK TROUT,125,10
10/3/2024,LONG P (TURNERS L),ISLE AU HAUT,BROOK TROUT,1000,7
10/22/2024,MACES P,ROCKPORT,BROOK TROUT,150,13
10/22/2024,MACES P,ROCKPORT,BROOK TROUT,300,7
11/19/2024,MACES P,ROCKPORT,BROOK TROUT,30,17
4/30/2024,MEGUNTICOOK R,CAMDEN,BROOK TROUT,400,10
10/17/2024,MEGUNTICOOK R,CAMDEN,RAINBOW TROUT,100,14
10/28/2024,MEGUNTICOOK R,CAMDEN,BROOK TROUT,200,13
10/22/2024,ROCKY P,ROCKPORT,BROOK TROUT,75,13
10/22/2024,ROCKY P,ROCKPORT,BROOK TROUT,250,7
11/21/2024,ROCKY P,ROCKPORT,BROOK TROUT,500,8
4/17/2024,SAINT GEORGE R,APPLETON,BROOK TROUT,150,15
4/17/2024,SAINT GEORGE R,UNION,BROOK TROUT,150,15
4/17/2024,SAINT GEORGE R,APPLETON,BROWN TROUT,150,14
4/17/2024,SAINT GEORGE R,UNION,BROWN TROUT,150,14
5/7/2024,SAINT GEORGE R,UNION,BROWN TROUT,750,9
5/10/2024,SAINT GEORGE R,APPLETON,BROOK TROUT,600,10
5/10/2024,SAINT GEORGE R,WARREN,BROWN TROUT,400,9
5/24/2024,SAINT GEORGE R,APPLETON,BROOK TROUT,240,10
5/24/2024,SAINT GEORGE R,UNION,BROOK TROUT,240,10
5/28/2024,SAINT GEORGE R,APPLETON,BROWN TROUT,120,9
5/28/2024,SAINT GEORGE R,UNION,BROWN TROUT,120,9
10/12/2024,SENNEBEC P,APPLETON,BROOK TROUT,250,13
10/12/2024,SEVEN TREE P,UNION,BROOK TROUT,350,13
11/6/2024,TOLMAN P,ROCKPORT,BROOK TROUT,200,13
4/2/2024,ADAMS P,BOOTHBAY,BROOK TROUT,250,10
10/29/2024,BISCAY P,BREMEN,BROOK TROUT,400,13
10/29/2024,BISCAY P,BREMEN,BROWN TROUT,350,12
10/10/2024,DAMARISCOTTA L,JEFFERSON,BROWN TROUT,1000,12
10/29/2024,KALERS P,WALDOBORO,BROOK TROUT,350,13
10/29/2024,KALERS P,WALDOBORO,BROWN TROUT,100,12
5/8/2024,KNICKERBOCKER P,BOOTHBAY,BROOK TROUT,200,10
5/10/2024,KNICKERBOCKER P,BOOTHBAY,RAINBOW TROUT,200,11
10/24/2024,KNICKERBOCKER P,BOOTHBAY,BROOK TROUT,300,13
4/29/2024,LITTLE P,DAMARISCOTTA,BROOK TROUT,500,10
10/29/2024,MCCURDY P,BREMEN,BROWN TROUT,250,12
5/7/2024,MEDOMAK P (LITTLE),WALDOBORO,BROOK TROUT,200,10
11/1/2024,MEDOMAK P (LITTLE),WALDOBORO,BROOK TROUT,100,13
11/1/2024,MEDOMAK P (LITTLE),WALDOBORO,BROWN TROUT,100,12
4/17/2024,MEDOMAK R,WALDOBORO,BROOK TROUT,350,15
4/17/2024,MEDOMAK R,WALDOBORO,BROWN TROUT,400,14
5/7/2024,MEDOMAK R,WALDOBORO,BROOK TROUT,1200,10
5/7/2024,MEDOMAK R,WALDOBORO,BROWN TROUT,250,9
5/24/2024,MEDOMAK R,WALDOBORO,BROOK TROUT,480,10
5/28/2024,MEDOMAK R,WALDOBORO,BROWN TROUT,240,9
5/8/2024,MONTSWEAG B,WISCASSET,BROOK TROUT,400,10
4/29/2024,PEMAQUID P,DAMARISCOTTA,BROWN TROUT,750,9
11/1/2024,PEMAQUID P,DAMARISCOTTA,BROOK TROUT,200,13
11/1/2024,PEMAQUID P,NOBLEBORO,BROOK TROUT,200,13
4/16/2024,PEMAQUID R,BRISTOL,BROOK TROUT,100,15
4/16/2024,PEMAQUID R,BRISTOL,BROOK TROUT,400,10
5/6/2024,PEMAQUID R,BRISTOL,BROOK TROUT,400,10
5/6/2024,PEMAQUID R,BRISTOL,BROWN TROUT,200,9
11/7/2024,PEMAQUID R,BRISTOL,BROWN TROUT,150,12
11/8/2024,PEMAQUID R,BRISTOL,BROWN TROUT,150,12
5/16/2024,PETERS (GROSS) P,WALDOBORO,BROOK TROUT,200,10
10/30/2024,PINKHAM P,ALNA,BROOK TROUT,200,13
5/8/2024,POLY CLARK B,WISCASSET,BROOK TROUT,100,10
5/6/2024,ROSS P,BRISTOL,BROOK TROUT,250,10
11/6/2024,ROSS P,BRISTOL,BROOK TROUT,300,8
11/6/2024,ROSS P,BRISTOL,BROOK TROUT,200,13
5/6/2024,THOMPSON'S ICE P,SOUTH BRISTOL,BROOK TROUT,100,10
11/5/2024,THOMPSON'S ICE P,SOUTH BRISTOL,BROOK TROUT,250,8
11/5/2024,THOMPSON'S ICE P,SOUTH BRISTOL,BROOK TROUT,50,13
5/16/2024,UPPER P,BRISTOL,BROOK TROUT,100,10
5/14/2024,WALDOBORO QUARRY P,WALDOBORO,BROOK TROUT,200,10
5/8/2024,WILEY P,BOOTHBAY,BROOK TROUT,250,10
10/24/2024,WILEY P,BOOTHBAY,BROOK TROUT,600,7
10/24/2024,WILEY P,BOOTHBAY,BROOK TROUT,100,13
10/2/2024,ABBOTTS P,SUMNER,BROOK TROUT,650,6
10/20/2024,ANASAGUNTICOOK L,CANTON,BROWN TROUT,500,12
11/29/2024,ANASAGUNTICOOK L,CANTON,BROWN TROUT,17,18
5/1/2024,ANDROSCOGGIN R,HANOVER,BROWN TROUT,2000,9
5/1/2024,ANDROSCOGGIN R,BETHEL,BROWN TROUT,600,9
5/6/2024,ANDROSCOGGIN R,RUMFORD,RAINBOW TROUT,675,11
5/15/2024,ANDROSCOGGIN R,GILEAD,BROWN TROUT,200,18
5/15/2024,ANDROSCOGGIN R,BETHEL,BROWN TROUT,150,18
5/16/2024,ANDROSCOGGIN R,GILEAD,RAINBOW TROUT,300,18
5/17/2024,ANDROSCOGGIN R,GILEAD,BROWN TROUT,300,9
5/17/2024,ANDROSCOGGIN R,BETHEL,BROWN TROUT,600,9
5/17/2024,ANDROSCOGGIN R,GILEAD,RAINBOW TROUT,1000,11
5/17/2024,ANDROSCOGGIN R,BETHEL,RAINBOW TROUT,700,11
5/20/2024,ANDROSCOGGIN R,HANOVER,BROOK TROUT,1000,10
5/21/2024,ANDROSCOGGIN R,MEXICO,RAINBOW TROUT,675,11
5/23/2024,ANDROSCOGGIN R,BETHEL,BROOK TROUT,300,10
5/23/2024,ANDROSCOGGIN R,GILEAD,BROOK TROUT,700,10
10/2/2024,ANDROSCOGGIN R,GILEAD,BROWN TROUT,250,12
10/2/2024,ANDROSCOGGIN R,BETHEL,BROWN TROUT,250,12
10/3/2024,ANDROSCOGGIN R,GILEAD,BROOK TROUT,375,12
10/3/2024,ANDROSCOGGIN R,BETHEL,BROOK TROUT,375,12
10/3/2024,ANDROSCOGGIN R,RUMFORD,BROWN TROUT,125,12
10/3/2024,ANDROSCOGGIN R,MEXICO,BROWN TROUT,125,12
10/10/2024,ANDROSCOGGIN R,RUMFORD,BROOK TROUT,125,12
10/10/2024,ANDROSCOGGIN R,MEXICO,BROOK TROUT,125,12
12/2/2024,ANDROSCOGGIN R,GILEAD,RAINBOW TROUT,75,20
4/19/2024,ANDROSCOGGIN R (LITTLE),WEST PARIS,BROOK TROUT,600,10
4/19/2024,ANDROSCOGGIN R (LITTLE),GREENWOOD,BROOK TROUT,400,10
4/25/2024,ANDROSCOGGIN R (LITTLE),OXFORD,BROWN TROUT,260,9
4/25/2024,ANDROSCOGGIN R (LITTLE),OXFORD,RAINBOW TROUT,260,11
5/3/2024,ANDROSCOGGIN R (LITTLE),GREENWOOD,BROOK TROUT,400,10
5/3/2024,ANDROSCOGGIN R (LITTLE),WEST PARIS,BROOK TROUT,600,10
5/8/2024,ANDROSCOGGIN R (LITTLE),GREENWOOD,BROWN TROUT,600,9
5/8/2024,ANDROSCOGGIN R (LITTLE),OXFORD,BROWN TROUT,300,10
5/8/2024,ANDROSCOGGIN R (LITTLE),PARIS,BROWN TROUT,300,10
5/8/2024,ANDROSCOGGIN R (LITTLE),WEST PARIS,BROWN TROUT,150,9
5/8/2024,ANDROSCOGGIN R (LITTLE),WEST PARIS,BROWN TROUT,600,10
5/14/2024,ANDROSCOGGIN R (LITTLE),OXFORD,BROWN TROUT,360,9
5/14/2024,ANDROSCOGGIN R (LITTLE),OXFORD,RAINBOW TROUT,260,11
6/7/2024,ANDROSCOGGIN R (LITTLE),GREENWOOD,BROOK TROUT,1332,3
6/7/2024,ANDROSCOGGIN R (LITTLE),GREENWOOD,BROOK TROUT,6666,4
6/7/2024,ANDROSCOGGIN R (LITTLE),WEST PARIS,BROOK TROUT,666,3
6/7/2024,ANDROSCOGGIN R (LITTLE),WEST PARIS,BROOK TROUT,3333,4
10/3/2024,ANDROSCOGGIN R (LITTLE),OXFORD,RAINBOW TROUT,100,14
4/19/2024,AUNT HANNAH B,DIXFIELD,BROOK TROUT,100,10
5/21/2024,AUNT HANNAH B,DIXFIELD,BROOK TROUT,100,10
9/27/2024,AZISCOHOS P,MAGALLOWAY PLT,BROOK TROUT,500,6
5/16/2024,B POND,UPTON,L.L. SALMON,350,7
4/24/2024,BACK P (5 KEZARS),STONEHAM,BROOK TROUT,200,9
4/24/2024,BEAR P,WATERFORD,BROOK TROUT,400,9
5/30/2024,BEAR P,WATERFORD,L.L. SALMON,50,8
10/23/2024,BEAR P,WATERFORD,SPLAKE,200,13
9/27/2024,BEAVER P (LITTLE),MAGALLOWAY PLT,BROOK TROUT,1500,6
10/11/2024,BICKFORD P,PORTER,BROOK TROUT,50,12
10/21/2024,BICKFORD P,PORTER,BROWN TROUT,300,12
11/20/2024,BICKFORD P,PORTER,BROOK TROUT,15,19
5/31/2024,BRADLEY P,LOVELL,BROWN TROUT,100,9
11/17/2024,BRADLEY P,LOVELL,BROWN TROUT,50,12
10/3/2024,BROKEN,BRIDGE P ALBANY TWP,BROOK TROUT,300,6
4/17/2024,BRYANT P,WOODSTOCK,SPLAKE,325,10
4/24/2024,BRYANT P,WOODSTOCK,BROOK TROUT,500,9
5/30/2024,BRYANT P,WOODSTOCK,L.L. SALMON,100,8
10/8/2024,BRYANT P,WOODSTOCK,BROOK TROUT,300,12
5/1/2024,BUNGANOCK B,HARTFORD,BROWN TROUT,500,9
5/29/2024,BURNT MEADOW P,BROWNFIELD,BROWN TROUT,100,9
10/11/2024,BURNT MEADOW P,BROWNFIELD,BROOK TROUT,150,12
11/17/2024,BURNT MEADOW P,BROWNFIELD,BROWN TROUT,50,12
4/23/2024,CHAPMAN P,PORTER,BROOK TROUT,150,10
4/23/2024,CLAYS P,FRYEBURG,BROOK TROUT,300,10
5/18/2024,CLAYS P,FRYEBURG,BROWN TROUT,100,9
11/17/2024,CLAYS P,FRYEBURG,BROWN TROUT,50,12
11/18/2024,CLAYS P,FRYEBURG,BROOK TROUT,100,12
4/23/2024,CLAYS P,OUTLET FRYEBURG,BROOK TROUT,250,10
10/11/2024,CLEMONS P (BIG),HIRAM,BROOK TROUT,150,12
4/23/2024,CLEMONS P (LITTLE),HIRAM,BROOK TROUT,150,10
10/11/2024,CLEMONS P (LITTLE),HIRAM,BROOK TROUT,400,8
10/11/2024,CLEMONS P (LITTLE),HIRAM,BROOK TROUT,100,12
10/29/2024,COLCORD P,PORTER,L.L. SALMON,100,12
5/19/2024,COLD R,STOW,BROOK TROUT,450,10
5/19/2024,COLD R,STOW,BROWN TROUT,400,9
10/2/2024,CONCORD P (LITTLE),WOODSTOCK,BROOK TROUT,600,6
4/30/2024,CONCORD R,RUMFORD,BROWN TROUT,1000,9
4/30/2024,CONCORD R,MILTON TWP,BROWN TROUT,500,9
6/3/2024,CONSERVATION CAMP P,WOODSTOCK,BROOK TROUT,100,10
6/5/2024,CONSERVATION CAMP P,WOODSTOCK,BROOK TROUT,100,10
10/3/2024,CROCKER P,ALBANY TWP,BROOK TROUT,15,12
10/3/2024,CROCKER P,ALBANY TWP,BROOK TROUT,200,8
4/24/2024,CUSHMAN P,LOVELL,BROOK TROUT,300,9
10/2/2024,CUSHMAN P,SUMNER,BROOK TROUT,600,6
9/25/2024,ELLIS (ROXBURY) P,ROXBURY,BROOK TROUT,1450,12
11/18/2024,ELLIS (ROXBURY) P,ROXBURY,BROOK TROUT,50,17
5/13/2024,ELLIS P (LITTLE),BYRON,BROOK TROUT,500,10
5/13/2024,ELLIS P (LITTLE),BYRON,L.L. SALMON,50,7
10/15/2024,ELLIS P (LITTLE),BYRON,BROOK TROUT,4000,7
5/14/2024,ELLIS R,ANDOVER,BROOK TROUT,400,9
5/14/2024,ELLIS R,RUMFORD,BROOK TROUT,400,9
5/14/2024,ELLIS R (WEST BRANCH),ANDOVER,BROOK TROUT,400,9
6/5/2024,FOREST P,CANTON,RAINBOW TROUT,200,11
9/27/2024,GOODWIN P,ADAMSTOWN TWP,BROOK TROUT,150,6
5/4/2024,GREELEY B,OTISFIELD,BROOK TROUT,150,9
5/4/2024,GREELEY B,OXFORD,BROOK TROUT,150,9
4/2/2024,HALLS P,PARIS,BROOK TROUT,300,10
5/31/2024,HALLS P,PARIS,BROWN TROUT,50,9
10/8/2024,HALLS P,PARIS,BROOK TROUT,750,8
10/8/2024,HALLS P,PARIS,BROOK TROUT,100,12
11/6/2024,HALLS P,PARIS,BROOK TROUT,15,17
11/6/2024,HALLS P,PARIS,BROWN TROUT,50,12
11/29/2024,HALLS P,PARIS,BROWN TROUT,33,18
5/20/2024,HANCOCK B,HIRAM,BROOK TROUT,125,10
10/4/2024,HANCOCK P,DENMARK,BROWN TROUT,1000,12
6/5/2024,HORSESHOE P,LOVELL,BROOK TROUT,200,10
11/17/2024,HORSESHOE P,LOVELL,BROWN TROUT,150,12
10/4/2024,HUTCHINSON P,ALBANY TWP,BROOK TROUT,200,12
10/18/2024,HUTCHINSON P,ALBANY TWP,BROWN TROUT,200,12
4/17/2024,INDIAN P,GREENWOOD,SPLAKE,300,10
4/23/2024,INDIAN P,GREENWOOD,BROOK TROUT,500,10
4/24/2024,KEEWAYDIN L,STONEHAM,BROOK TROUT,400,9
10/4/2024,KEEWAYDIN L,STONEHAM,BROOK TROUT,250,12
10/22/2024,KEEWAYDIN L,STONEHAM,L.L. SALMON,100,12
11/22/2024,KEEWAYDIN L,STONEHAM,L.L. SALMON,20,18
10/8/2024,KEOKA L,WATERFORD,BROOK TROUT,600,12
10/22/2024,KEOKA L,WATERFORD,L.L. SALMON,120,12
11/22/2024,KEOKA L,WATERFORD,L.L. SALMON,30,18
10/11/2024,KEYES P,SWEDEN,BROOK TROUT,300,12
5/17/2024,KEZAR L,LOVELL,L.L. SALMON,400,8
5/16/2024,LINCOLN P,PARKERTOWN TWP,BROOK TROUT,1200,10
4/2/2024,LONG P,DENMARK,BROOK TROUT,300,10
5/2/2024,LOVEWELL P,FRYEBURG,BROWN TROUT,1100,9
11/1/2024,LOVEWELL P,FRYEBURG,BROWN TROUT,250,12
5/16/2024,MOOSE P,WATERFORD,BROOK TROUT,500,10
10/2/2024,MOSQUITO P,ALBANY TWP,BROOK TROUT,75,6
4/26/2024,NEZINSCOT R (EAST BRANCH),BUCKFIELD,BROWN TROUT,500,9
4/26/2024,NEZINSCOT R (EAST BRANCH),HARTFORD,BROWN TROUT,1500,9
5/5/2024,NEZINSCOT R (EAST BRANCH),HARTFORD,BROWN TROUT,21000,2
5/8/2024,NEZINSCOT R (EAST BRANCH),SUMNER,BROOK TROUT,500,10
5/8/2024,NEZINSCOT R (EAST BRANCH),PERU,BROOK TROUT,250,10
5/24/2024,NEZINSCOT R (EAST BRANCH),BUCKFIELD,BROWN TROUT,8000,2
4/26/2024,NEZINSCOT R (WEST BRANCH),BUCKFIELD,BROWN TROUT,2000,9
5/24/2024,NEZINSCOT R (WEST BRANCH),BUCKFIELD,BROWN TROUT,32000,2
5/31/2024,NORTH P,WOODSTOCK,BROWN TROUT,275,9
10/2/2024,NORTH P,SUMNER,BROOK TROUT,250,12
11/6/2024,NORTH P,WOODSTOCK,BROWN TROUT,100,12
4/24/2024,OSSIPEE R,HIRAM,BROOK TROUT,470,10
4/30/2024,OSSIPEE R,HIRAM,BROWN TROUT,1640,9
5/8/2024,OSSIPEE R,HIRAM,BROOK TROUT,470,10
10/2/2024,OVERSET P,GREENWOOD,BROOK TROUT,300,6
5/30/2024,PENNESSEEWASSEE L,NORWAY,BROOK TROUT,75,10
10/1/2024,PENNESSEEWASSEE L,NORWAY,RAINBOW TROUT,1850,14
10/22/2024,PENNESSEEWASSEE L,NORWAY,L.L. SALMON,200,12
11/22/2024,PENNESSEEWASSEE L,NORWAY,L.L. SALMON,40,18
11/27/2024,PENNESSEEWASSEE L,NORWAY,RAINBOW TROUT,50,20
4/26/2024,PENNESSEEWASSEE L,OUTLET NORWAY,BROOK TROUT,100,9
5/4/2024,PENNESSEEWASSEE L,OUTLET NORWAY,BROOK TROUT,100,9
4/26/2024,PENNESSEEWASSEE P (LITTLE),NORWAY,BROOK TROUT,300,9
10/8/2024,PENNESSEEWASSEE P (LITTLE),NORWAY,BROOK TROUT,700,8
10/8/2024,PENNESSEEWASSEE P (LITTLE),NORWAY,BROOK TROUT,200,12
10/18/2024,PENNESSEEWASSEE P (LITTLE),NORWAY,BROWN TROUT,100,12
10/8/2024,PEPPERPOT P,ADAMSTOWN TWP,BROOK TROUT,100,12
6/4/2024,PLEASANT L,OTISFIELD,L.L. SALMON,400,8
5/3/2024,RICHARDSON LAKES,TOWNSHIP C,BROOK TROUT,2000,10
5/7/2024,RICHARDSON LAKES,RICHARDSONTOWN TWP,BROOK TROUT,3200,10
10/17/2024,RICHARDSON LAKES,RICHARDSONTOWN TWP,L.L. SALMON,800,14
10/24/2024,RICHARDSON LAKES,TOWNSHIP C,L.L. SALMON,380,14
5/16/2024,RICHARDSON P (LOWER EAST),ADAMSTOWN TWP,BROOK TROUT,300,10
5/16/2024,RICHARDSON P (UPPER EAST),ADAMSTOWN TWP,BROOK TROUT,500,10
5/22/2024,RICHARDSON P (WEST),ADAMSTOWN TWP,BROOK TROUT,750,10
4/23/2024,ROUND P,FRYEBURG,BROOK TROUT,150,10
4/25/2024,SACO R,HIRAM,BROOK TROUT,200,10
4/25/2024,SACO R,FRYEBURG,BROOK TROUT,150,10
5/2/2024,SACO R,HIRAM,BROWN TROUT,300,9
5/9/2024,SACO R,HIRAM,BROOK TROUT,200,10
5/9/2024,SACO R,FRYEBURG,BROOK TROUT,150,10
10/11/2024,SAND (WALDEN) P,DENMARK,BROWN TROUT,300,12
4/17/2024,SHAGG P,WOODSTOCK,SPLAKE,150,10
4/23/2024,SHAGG P,WOODSTOCK,BROOK TROUT,500,10
10/4/2024,SONGO P,ALBANY TWP,BROOK TROUT,150,12
10/21/2024,SONGO P,ALBANY TWP,L.L. SALMON,70,12
11/22/2024,SONGO P,ALBANY TWP,L.L. SALMON,30,18
4/30/2024,SPEARS STREAM,PERU,BROWN TROUT,600,9
5/4/2024,SPEARS STREAM,PERU,BROOK TROUT,200,9
9/27/2024,SPECK P,GRAFTON TWP,BROOK TROUT,400,6
10/2/2024,SPECK P #2,NORWAY,BROOK TROUT,150,6
4/3/2024,STANLEY P,HIRAM,RAINBOW TROUT,950,10
11/20/2024,STANLEY P,HIRAM,BROOK TROUT,10,19
12/2/2024,STANLEY P,HIRAM,RAINBOW TROUT,25,20
10/8/2024,STEARNS P,SWEDEN,BROWN TROUT,250,12
10/17/2024,STURTEVANT P,MAGALLOWAY PLT,L.L. SALMON,200,14
5/20/2024,SUNDAY R,NEWRY,BROOK TROUT,800,10
4/19/2024,SWIFT R,BYRON,BROOK TROUT,400,10
4/30/2024,SWIFT R,BYRON,BROWN TROUT,200,9
4/30/2024,SWIFT R,ROXBURY,BROWN TROUT,200,9
4/30/2024,SWIFT R,BYRON,RAINBOW TROUT,150,11
4/30/2024,SWIFT R,ROXBURY,RAINBOW TROUT,150,11
6/4/2024,THOMPSON L,OTISFIELD,L.L. SALMON,750,8
10/2/2024,TROUT P,MASON TWP,BROOK TROUT,400,6
4/30/2024,TWITCHELL B,GREENWOOD,BROWN TROUT,600,9
10/4/2024,TWITCHELL P,GREENWOOD,BROOK TROUT,150,12
10/22/2024,TWITCHELL P,GREENWOOD,BROWN TROUT,150,12
10/4/2024,VIRGINIA L,STONEHAM,BROOK TROUT,300,12
10/3/2024,WASHBURN P,WOODSTOCK,BROOK TROUT,250,6
5/4/2024,WHITNEY B,CANTON,BROOK TROUT,100,9
5/10/2024,WILD R,BATCHELDERS GRANT T,BROOK TROUT,250,10
5/10/2024,WILD R,GILEAD,BROOK TROUT,750,10
6/3/2024,WILD R,BATCHELDERS GRANT T,BROOK TROUT,750,10
6/3/2024,WILD R,GILEAD,BROOK TROUT,250,10
6/5/2024,WORTHLEY P,PERU,RAINBOW TROUT,900,11
10/12/2024,WORTHLEY P,PERU,BROWN TROUT,400,12
10/18/2024,WORTHLEY P,PERU,BROOK TROUT,300,12
11/18/2024,WORTHLEY P,PERU,BROOK TROUT,15,19
12/1/2024,WORTHLEY P,PERU,RAINBOW TROUT,25,20
10/15/2024,BREWER L,ORRINGTON,L.L. SALMON,175,13
11/20/2024,BREWER L,ORRINGTON,L.L. SALMON,92,15
4/9/2024,BURLINGTON FIRE P,BURLINGTON,BROOK TROUT,55,10
5/14/2024,BURLINGTON FIRE P,BURLINGTON,BROOK TROUT,55,10
9/23/2024,CARRY P,T8 R7 WELS,BROOK TROUT,200,8
5/7/2024,CEDAR L,T3 R9 NWP,L.L. SALMON,150,7
11/1/2024,CEDAR L,T3 R9 NWP,L.L. SALMON,55,18
11/8/2024,CEDAR L,T3 R9 NWP,SPLAKE,300,13
5/2/2024,COLD STREAM,ENFIELD,BROOK TROUT,200,10
5/14/2024,COLD STREAM,ENFIELD,BROOK TROUT,110,10
5/21/2024,COLD STREAM,ENFIELD,BROOK TROUT,100,10
5/29/2024,COLD STREAM,ENFIELD,BROOK TROUT,100,10
6/5/2024,COLD STREAM,ENFIELD,BROOK TROUT,17380,2
1/2/2024,COLD STREAM P,ENFIELD,BROOK TROUT,200,14
4/9/2024,COLD STREAM P,ENFIELD,BROOK TROUT,400,10
4/24/2024,COLD STREAM P,ENFIELD,BROOK TROUT,800,10
4/24/2024,COLD STREAM P,ENFIELD,L.L. SALMON,1125,7
10/2/2024,COLD STREAM P,ENFIELD,BROOK TROUT,350,13
10/4/2024,COLD STREAM P,ENFIELD,BROOK TROUT,700,13
4/9/2024,COLD STREAM P (UPPER),LINCOLN,BROOK TROUT,250,10
4/24/2024,COLD STREAM P (UPPER),LINCOLN,BROOK TROUT,250,10
4/24/2024,COLD STREAM P (UPPER),LINCOLN,L.L. SALMON,320,7
10/7/2024,COLD STREAM P (UPPER),LINCOLN,BROOK TROUT,400,13
5/9/2024,DAVIS (WAPITI) P,T5 R7 WELS,BROOK TROUT,300,10
4/9/2024,EDWARDS FAMILY KIDS FISHING P,LINCOLN,BROOK TROUT,150,10
5/14/2024,EDWARDS FAMILY KIDS FISHING P,LINCOLN,BROOK TROUT,150,10
10/7/2024,EDWARDS FAMILY KIDS FISHING P,LINCOLN,BROOK TROUT,125,13
11/6/2024,EDWARDS FAMILY KIDS FISHING P,LINCOLN,BROOK TROUT,125,14
11/6/2024,EDWARDS FAMILY KIDS FISHING P,LINCOLN,BROOK TROUT,20,18
5/22/2024,ENDLESS L,T3 R9 NWP,L.L. SALMON,300,7
11/5/2024,ENDLESS L,T3 R9 NWP,SPLAKE,400,13
10/23/2024,ETNA P,ETNA,BROOK TROUT,350,13
4/18/2024,FITTS P,CLIFTON,SPLAKE,400,9
11/21/2024,FLATIRON P,T3 R9 NWP,BROOK TROUT,250,13
5/30/2024,GILES P,PATTEN,BROOK TROUT,200,10
9/23/2024,GREEN MOUNTAIN P,T6 R6 WELS,BROOK TROUT,200,8
5/3/2024,HAY L,T6 R8 WELS,BROOK TROUT,400,10
10/1/2024,HAY L,T6 R8 WELS,BROOK TROUT,200,13
10/1/2024,HAY L,T6 R8 WELS,L.L. SALMON,160,12
10/23/2024,HERMON P,HERMON,BROOK TROUT,500,13
6/13/2024,IRELAND P,T7 R8 WELS,BROOK TROUT,100,4
5/1/2024,JERRY P,MILLINOCKET,BROOK TROUT,500,10
9/27/2024,JERRY P,MILLINOCKET,BROOK TROUT,500,13
10/24/2024,JERRY P,MILLINOCKET,BROOK TROUT,50,13
11/7/2024,JERRY P,MILLINOCKET,BROOK TROUT,40,18
4/22/2024,KENDUSKEAG STREAM,BANGOR,BROOK TROUT,1000,10
9/23/2024,LUNKSOOS L,T4 R7 WELS,BROOK TROUT,1200,8
5/1/2024,MATTAGODUS STREAM,SPRINGFIELD,BROOK TROUT,250,10
5/15/2024,MILLIMAGASSETT L,T7 R8 WELS,LAKE TROUT,700,6
5/7/2024,MILLINOCKET L,T1 R8 WELS,L.L. SALMON,1280,7
5/1/2024,MILLINOCKET STREAM T1,R8 WELS,BROOK TROUT,700,10
10/11/2024,MILLINOCKET STREAM T1,R8 WELS,BROOK TROUT,300,13
1/2/2024,MUD P,OLD TOWN,BROOK TROUT,180,14
10/22/2024,MUD P,OLD TOWN,BROOK TROUT,650,13
11/18/2024,MUD P,OLD TOWN,BROOK TROUT,65,14
11/18/2024,MUD P,OLD TOWN,BROOK TROUT,60,18
12/4/2024,MUD P,OLD TOWN,BROOK TROUT,320,13
5/29/2024,PASSADUMKEAG R,LOWELL,BROOK TROUT,725,10
5/29/2024,PASSADUMKEAG R,GRAND FALLS TWP,BROOK TROUT,725,10
5/29/2024,PASSADUMKEAG R,GRAND FALLS TWP,BROOK TROUT,9975,2
9/24/2024,PEMADUMCOOK CHAIN L,T4 INDIAN PURCHASE TOWNSHIP,BROOK TROUT,900,13
10/24/2024,PEMADUMCOOK CHAIN L,T4 INDIAN PURCHASE TOWNSHIP,BROOK TROUT,150,13
4/10/2024,PENOBSCOT CLUB P,BREWER,BROOK TROUT,150,10
10/15/2024,PENOBSCOT CLUB P,BREWER,BROOK TROUT,50,13
10/15/2024,PENOBSCOT CLUB P,BREWER,BROOK TROUT,425,8
10/30/2024,PUFFERS P (ECHO L),DEXTER,BROOK TROUT,250,12
4/24/2024,ROCKY B,LINCOLN,BROOK TROUT,150,10
5/14/2024,ROCKY B,LINCOLN,BROOK TROUT,150,10
5/17/2024,ROUND P (LITTLE),LINCOLN,BROOK TROUT,300,10
11/18/2024,ROUND P (LITTLE),LINCOLN,BROOK TROUT,125,14
5/3/2024,SCRAGGLY L,T7 R8 WELS,BROOK TROUT,900,10
5/3/2024,SCRAGGLY L,T7 R8 WELS,L.L. SALMON,240,7
4/17/2024,SEBASTICOOK R (EAST BRANCH),NEWPORT,BROOK TROUT,275,10
4/17/2024,SEBASTICOOK R (EAST BRANCH),DEXTER,BROOK TROUT,110,10
4/17/2024,SEBASTICOOK R (EAST BRANCH),CORINNA,BROOK TROUT,275,10
5/2/2024,SEBOEIS STREAM SEBOEIS,PLT,BROOK TROUT,250,10
5/21/2024,SEBOEIS STREAM SEBOEIS,PLT,BROOK TROUT,250,10
5/3/2024,SHIN P (LOWER),MOUNT CHASE,BROOK TROUT,500,10
5/3/2024,SHIN P (LOWER),MOUNT CHASE,L.L. SALMON,200,7
10/7/2024,SHIN P (LOWER),MOUNT CHASE,BROOK TROUT,300,13
5/3/2024,SHIN P (UPPER),MOUNT CHASE,L.L. SALMON,25,7
10/7/2024,SHIN P (UPPER),MOUNT CHASE,BROOK TROUT,300,13
10/8/2024,SILVER (MATTAKEUNK) L,LEE,BROOK TROUT,700,13
10/11/2024,SMITH P,T3 INDIAN PURCHASE T,BROOK TROUT,250,13
10/24/2024,SMITH P,T3 INDIAN PURCHASE T,BROOK TROUT,25,13
4/26/2024,SOUADABSCOOK STREAM,HAMPDEN,BROOK TROUT,200,10
4/24/2024,STILLWATER R,OLD TOWN,BROOK TROUT,250,10
4/24/2024,STILLWATER R,ORONO,BROOK TROUT,250,10
5/14/2024,SYSLADOBSIS L (LO),LAKEVILLE,L.L. SALMON,1000,7
5/14/2024,SYSLADOBSIS L (UP),LAKEVILLE,L.L. SALMON,300,7
5/15/2024,TROUT P,SOLDIERTOWN TWP T2,BROOK TROUT,350,10
5/17/2024,TROUT P,LOWELL,BROOK TROUT,410,10
10/9/2024,UPPER P,LINCOLN,BROOK TROUT,400,13
11/21/2024,UPPER P,LINCOLN,BROOK TROUT,30,18
4/17/2024,WASSOOKEAG L,DEXTER,BROOK TROUT,500,10
5/30/2024,WASSOOKEAG L,DEXTER,L.L. SALMON,500,8
10/30/2024,WASSOOKEAG L,DEXTER,BROOK TROUT,750,8
11/22/2024,WILEY P,PATTEN,BROOK TROUT,40,18
11/22/2024,WILEY P,PATTEN,BROOK TROUT,165,14
9/20/2024,ABOL P,T2 R9 WELS,BROOK TROUT,750,8
5/2/2024,ALDER STREAM,ATKINSON,BROOK TROUT,250,10
9/25/2024,BEAN P,T2 R12 WELS,BROOK TROUT,150,7
9/25/2024,BEAN P (LOWER),RAINBOW TWP,BROOK TROUT,600,7
9/25/2024,BEAN P (UPPER),RAINBOW TWP,BROOK TROUT,250,7
5/2/2024,BEAR B,SEBEC,BROOK TROUT,250,10
5/13/2024,BEAR P,BOWERBANK,SPLAKE,300,9
5/15/2024,BEAVER P (BIG),T7 R9 WELS,BROOK TROUT,450,10
9/24/2024,BELL P,MONSON,BROOK TROUT,350,7
4/17/2024,BENNETT P,PARKMAN,BROOK TROUT,350,10
5/2/2024,BENNETT P (BIG),GUILFORD,BROOK TROUT,600,10
5/28/2024,BENNETT P (BIG),GUILFORD,SPLAKE,150,9
9/23/2024,BILLFISH P,TROUT BROOK TWP,BROOK TROUT,300,8
4/25/2024,BLACK STREAM,SANGERVILLE,BROOK TROUT,250,10
5/14/2024,BLACK STREAM,SANGERVILLE,BROOK TROUT,250,10
10/4/2024,BRANNS MILL P,DOVER-FOXCROFT,BROOK TROUT,1200,13
11/6/2024,BRANNS MILL P,DOVER-FOXCROFT,BROOK TROUT,75,18
5/13/2024,BUNKER P (BIG),SHIRLEY,BROOK TROUT,200,10
5/15/2024,CARIBOU P (BIG),T7 R10 WELS,BROOK TROUT,180,11
5/15/2024,CARIBOU P (LITTLE),T7 R10 WELS,BROOK TROUT,90,11
10/15/2024,CARRY P,T3 R11 WELS,BROOK TROUT,500,8
9/25/2024,CELIA P,T3 R10 WELS,BROOK TROUT,250,8
4/17/2024,CENTER P,SANGERVILLE,BROOK TROUT,1000,10
4/29/2024,CENTER P,SANGERVILLE,BROWN TROUT,1200,9
10/1/2024,CENTER P,SANGERVILLE,BROOK TROUT,1000,13
9/25/2024,CHESUNCOOK P,T3 R11 WELS,SPLAKE,700,7
9/25/2024,CLIFFORD P,RAINBOW TWP,BROOK TROUT,250,7
9/25/2024,CRESCENT P,RAINBOW TWP,BROOK TROUT,225,7
9/23/2024,CURRIER P (FIRST),T9 R11 WELS,BROOK TROUT,100,8
5/15/2024,DAVIS P (FIRST),GUILFORD,L.L. SALMON,200,7
5/15/2024,DAVIS P (FIRST),GUILFORD,SPLAKE,250,9
10/3/2024,DAVIS P (FIRST),GUILFORD,BROOK TROUT,700,13
9/25/2024,DEBSCONEAG L (5TH),RAINBOW TWP,BROOK TROUT,1600,7
9/25/2024,DEBSCONEAG L (6TH),T1 R11 WELS,BROOK TROUT,600,7
5/20/2024,DEER P,T3 R13 WELS,SPLAKE,500,10
4/26/2024,DOE P,MONSON,BROOK TROUT,550,10
5/31/2024,DOE P,MONSON,BROOK TROUT,500,10
9/24/2024,DOE P,MONSON,BROOK TROUT,200,12
9/25/2024,DRAPER P,T3 R10 WELS,BROOK TROUT,350,8
4/26/2024,DRUMMOND P,ABBOT,BROOK TROUT,250,10
5/10/2024,DRUMMOND P,ABBOT,BROOK TROUT,250,10
5/28/2024,DRUMMOND P,ABBOT,BROOK TROUT,250,10
10/3/2024,DRUMMOND P,ABBOT,BROOK TROUT,250,13
11/19/2024,DRUMMOND P,ABBOT,BROOK TROUT,25,18
4/25/2024,DUNHAM B,DOVER-FOXCROFT,BROOK TROUT,400,10
5/21/2024,DUNHAM B,DOVER-FOXCROFT,BROOK TROUT,400,10
6/10/2024,DUNHAM B,DOVER-FOXCROFT,BROOK TROUT,400,10
10/3/2024,DUNHAM B,DOVER-FOXCROFT,BROOK TROUT,200,13
5/15/2024,ELBOW P (UPPER),T10 R11 WELS,BROOK TROUT,360,11
5/7/2024,FITZGERALD (MTN VIEW) P,BIG MOOSE TWP,BROOK TROUT,2700,10
5/23/2024,FITZGERALD (MTN VIEW) P,BIG MOOSE TWP,BROOK TROUT,2700,10
9/26/2024,FITZGERALD (MTN VIEW) P,BIG MOOSE TWP,BROOK TROUT,1400,12
10/30/2024,FITZGERALD (MTN VIEW) P,BIG MOOSE TWP,BROOK TROUT,50,18
9/25/2024,FOWLER P,T3 R11 WELS,BROOK TROUT,400,8
9/23/2024,FROST P,TROUT BROOK TWP,BROOK TROUT,250,8
4/11/2024,GARLAND P,DOVER-FOXCROFT,BROOK TROUT,300,10
5/23/2024,GARLAND P,DOVER-FOXCROFT,BROOK TROUT,300,10
9/24/2024,GARLAND P,DOVER-FOXCROFT,SPLAKE,100,7
4/29/2024,GRAVEL PIT P,MOOSEHEAD JUNCTION,BROOK TROUT,250,10
5/15/2024,GRAVEL PIT P,MOOSEHEAD JUNCTION,BROOK TROUT,250,10
5/23/2024,GRAVEL PIT P,MOOSEHEAD JUNCTION,BROOK TROUT,250,10
9/24/2024,GRAVEL PIT P,MOOSEHEAD JUNCTION,BROOK TROUT,250,12
9/24/2024,GREENWOOD P (LITTLE),ELLIOTTSVILLE TWP,SPLAKE,150,7
9/24/2024,GRINDSTONE P,WILLIMANTIC,BROOK TROUT,775,7
9/24/2024,GRINDSTONE P,WILLIMANTIC,SPLAKE,200,7
9/25/2024,HALE P,T2 R10 WELS,BROOK TROUT,400,8
10/3/2024,HARLOW P,PARKMAN,BROOK TROUT,450,13
11/6/2024,HARLOW P,PARKMAN,BROOK TROUT,25,18
5/9/2024,HAYMOCK L,T7 R11 WELS,LAKE TROUT,1000,7
4/11/2024,HEBRON L,MONSON,BROOK TROUT,875,10
4/17/2024,HEBRON L,MONSON,BROOK TROUT,450,10
5/14/2024,HEBRON L,MONSON,BROOK TROUT,850,10
11/1/2024,HEBRON L,MONSON,BROOK TROUT,4600,7
11/4/2024,HEBRON L,MONSON,BROOK TROUT,4000,8
9/25/2024,HOLBROOK P,RAINBOW TWP,SPLAKE,500,7
9/24/2024,HORSESHOE P,WILLIMANTIC,BROOK TROUT,1300,7
9/24/2024,HOUSTON P,T7 R9 NWP,BROOK TROUT,1400,7
5/8/2024,INDIAN P,BIG MOOSE TWP,L.L. SALMON,1000,7
5/15/2024,ISLAND (CHASE) P,T10 R10 WELS,BROOK TROUT,750,10
5/2/2024,JO-MARY L (UPPER),TA R10 WELS,BROOK TROUT,1500,10
5/2/2024,JO-MARY L (UPPER),TA R10 WELS,L.L. SALMON,600,7
9/27/2024,JO-MARY P,TB R10 WELS,BROOK TROUT,300,8
5/10/2024,KINGSBURY P,KINGSBURY PLT,L.L. SALMON,1000,7
9/25/2024,LAZY TOM P,T1 R13 WELS,BROOK TROUT,350,7
9/25/2024,LEAVITT P,T1 R11 WELS,BROOK TROUT,500,7
9/24/2024,LILY P,MONSON,BROOK TROUT,100,7
9/25/2024,LONG BOG,SHAWTOWN TWP,BROOK TROUT,300,8
9/25/2024,LONG P,TA R11 WELS,SPLAKE,100,7
10/23/2024,MANHANOCK P,SANGERVILLE,BROOK TROUT,1050,12
11/6/2024,MANHANOCK P,SANGERVILLE,BROOK TROUT,75,18
9/23/2024,MATTHEWS P,T8 R10 WELS,BROOK TROUT,200,8
9/25/2024,MCKENNA P,T3 R11 WELS,BROOK TROUT,800,8
9/24/2024,MCLELLAN P,ELLIOTTSVILLE TWP,BROOK TROUT,300,7
5/2/2024,MILL B,BOWERBANK,BROOK TROUT,250,10
4/11/2024,MILO FARM (HARRIS) P,MILO,BROOK TROUT,100,10
5/14/2024,MILO FARM (HARRIS) P,MILO,BROOK TROUT,100,10
10/3/2024,MILO FARM (HARRIS) P,MILO,BROOK TROUT,75,13
10/24/2024,MILO FARM (HARRIS) P,MILO,BROOK TROUT,80,13
11/19/2024,MILO FARM (HARRIS) P,MILO,BROOK TROUT,10,18
10/1/2024,MITCHELL P,T7 R9 WELS,BROOK TROUT,300,8
10/1/2024,MITCHELL P,T7 R9 WELS,BROOK TROUT,100,13
5/9/2024,MOOSEHEAD L,GREENVILLE,L.L. SALMON,2000,7
5/13/2024,MOOSEHEAD L,LILY BAY TWP,L.L. SALMON,1500,7
9/23/2024,MOUNTAIN P,T10 R10 WELS,BROOK TROUT,275,8
9/25/2024,MURPHY P (BIG),RAINBOW TWP,BROOK TROUT,525,7
10/30/2024,NORTON P,BROWNVILLE,BROOK TROUT,150,13
5/7/2024,PEMADUMCOOK CHAIN L,T1 R9 WELS,LAKE TROUT,4500,6
9/24/2024,PEMADUMCOOK CHAIN L,T1 R9 WELS,BROOK TROUT,900,13
10/24/2024,PEMADUMCOOK CHAIN L,T1 R9 WELS,BROOK TROUT,150,13
10/17/2024,PILLSBURY P (LITTLE),T8 R11 WELS,BROOK TROUT,1500,8
9/25/2024,PINE P (BIG),T3 R13 WELS,BROOK TROUT,1600,8
5/13/2024,PIPER P,ABBOT,BROOK TROUT,500,10
5/13/2024,PIPER P,ABBOT,L.L. SALMON,100,7
5/13/2024,PIPER P,ABBOT,SPLAKE,300,9
4/23/2024,PISCATAQUIS R,GUILFORD,BROOK TROUT,750,10
4/23/2024,PISCATAQUIS R,DOVER-FOXCROFT,BROOK TROUT,750,10
4/25/2024,PISCATAQUIS R,BLANCHARD TWP,BROOK TROUT,400,10
4/25/2024,PISCATAQUIS R,MONSON,BROOK TROUT,400,10
4/25/2024,PISCATAQUIS R,GUILFORD,BROOK TROUT,3000,10
4/25/2024,PISCATAQUIS R,DOVER-FOXCROFT,BROOK TROUT,1500,10
5/8/2024,PISCATAQUIS R,DOVER-FOXCROFT,BROOK TROUT,250,10
5/14/2024,PISCATAQUIS R,MONSON,BROOK TROUT,400,10
5/14/2024,PISCATAQUIS R,GUILFORD,BROOK TROUT,2250,10
5/14/2024,PISCATAQUIS R,DOVER-FOXCROFT,BROOK TROUT,750,10
5/14/2024,PISCATAQUIS R,BLANCHARD TWP,BROOK TROUT,400,10
5/15/2024,PISCATAQUIS R,DOVER-FOXCROFT,BROOK TROUT,750,10
5/15/2024,PISCATAQUIS R,GUILFORD,BROOK TROUT,750,10
5/23/2024,PISCATAQUIS R,GUILFORD,BROOK TROUT,750,10
5/23/2024,PISCATAQUIS R,DOVER-FOXCROFT,BROOK TROUT,500,10
10/9/2024,PISCATAQUIS R,GUILFORD,BROOK TROUT,1000,13
10/10/2024,PISCATAQUIS R,DOVER-FOXCROFT,BROOK TROUT,750,13
4/25/2024,PLEASANT R,BROWNVILLE,BROOK TROUT,1000,10
5/8/2024,POWER TROUT P,MOOSEHEAD JUNCTION,BROOK TROUT,250,10
5/31/2024,POWER TROUT P,MOOSEHEAD JUNCTION,BROOK TROUT,250,10
4/30/2024,PRONG P,BEAVER COVE,BROOK TROUT,2100,10
5/23/2024,PRONG P,BEAVER COVE,BROOK TROUT,2100,10
9/25/2024,PRONG P,BEAVER COVE,BROOK TROUT,1100,12
11/19/2024,PRONG P,BEAVER COVE,BROOK TROUT,50,18
9/24/2024,RABBIT P,ELLIOTTSVILLE TWP,BROOK TROUT,100,7
5/20/2024,RAGGED L,T2 R13 WELS,SPLAKE,2000,10
5/7/2024,ROACH P (FIRST),FRENCHTOWN TWP,BROOK TROUT,3300,10
5/15/2024,ROACH P (FIRST),FRENCHTOWN TWP,L.L. SALMON,1800,7
5/20/2024,ROACH P (FOURTH),SHAWTOWN TWP,SPLAKE,400,10
9/20/2024,ROCKY P,T2 R9 WELS,BROOK TROUT,200,8
9/25/2024,ROCKY P,T3 R11 WELS,BROOK TROUT,75,8
9/20/2024,ROUND P,T2 R9 WELS,BROOK TROUT,250,8
10/15/2024,SALMON P,T4 R13 WELS,BROOK TROUT,900,8
5/3/2024,SAWYER P,GREENVILLE,BROOK TROUT,700,10
6/3/2024,SAWYER P,GREENVILLE,BROOK TROUT,650,10
10/4/2024,SAWYER P,GREENVILLE,BROOK TROUT,350,13
4/9/2024,SCHOODIC L,LAKE VIEW PLT,BROOK TROUT,2000,10
4/25/2024,SCHOODIC L,LAKE VIEW PLT,L.L. SALMON,600,7
9/25/2024,SCHOODIC L,LAKE VIEW PLT,BROOK TROUT,900,13
10/24/2024,SCHOODIC L,LAKE VIEW PLT,BROOK TROUT,200,13
6/4/2024,SCHOODIC STREAM,MEDFORD,BROOK TROUT,4600,2
4/23/2024,SEBEC L,DOVER-FOXCROFT,LAKE TROUT,2000,6
5/8/2024,SEBEC R,SEBEC,BROOK TROUT,500,10
5/8/2024,SEBEC R,MILO,BROOK TROUT,400,10
5/23/2024,SEBEC R,MILO,BROOK TROUT,850,10
5/23/2024,SEBEC R,SEBEC,BROOK TROUT,500,10
10/10/2024,SEBEC R,SEBEC,BROOK TROUT,250,13
5/7/2024,SEBOEIS L,T4 R9 NWP,L.L. SALMON,200,7
5/7/2024,SEBOEIS L,T4 R9 NWP,SPLAKE,700,10
10/2/2024,SEBOEIS L,LAKE VIEW PLT,L.L. SALMON,800,12
10/30/2024,SEBOEIS L,LAKE VIEW PLT,SPLAKE,500,13
11/1/2024,SEBOEIS L,LAKE VIEW PLT,L.L. SALMON,55,18
4/29/2024,SHADOW P,MOOSEHEAD JUNCTION,BROOK TROUT,175,10
5/15/2024,SHADOW P,MOOSEHEAD JUNCTION,BROOK TROUT,175,10
9/24/2024,SHADOW P,MOOSEHEAD JUNCTION,SPLAKE,200,7
4/17/2024,SHIRLEY P,SHIRLEY,BROOK TROUT,600,10
10/16/2024,SHIRLEY P,SHIRLEY,BROOK TROUT,300,13
9/24/2024,SMITH P,ELLIOTTSVILLE TWP,BROOK TROUT,100,7
4/11/2024,SNOWS P,DOVER-FOXCROFT,BROOK TROUT,250,10
5/14/2024,SNOWS P,DOVER-FOXCROFT,BROOK TROUT,250,10
10/3/2024,SNOWS P,DOVER-FOXCROFT,BROOK TROUT,100,13
9/24/2024,SOUTH P,MONSON,BROOK TROUT,360,7
4/17/2024,SPECTACLE P,MONSON,BROOK TROUT,900,10
4/29/2024,SPECTACLE P,MONSON,SPLAKE,150,9
5/21/2024,SPECTACLE P,MONSON,BROOK TROUT,900,10
5/28/2024,SPENCER P (BIG),EAST MIDDLESEX CANAL GRANT TWP,BROOK TROUT,1000,10
10/15/2024,TEN-FORTY P,T2 R12 WELS,BROOK TROUT,450,8
9/23/2024,THIRD (MATAGAMON) L,T7 R10 WELS,BROOK TROUT,1700,8
5/7/2024,TOGUE P (LOWER),T2 R9 WELS,SPLAKE,400,10
9/24/2024,TURTLE P,LAKE VIEW PLT,BROOK TROUT,500,8
4/26/2024,WHETSTONE P,BLANCHARD TWP,BROOK TROUT,1300,10
5/23/2024,WHETSTONE P,BLANCHARD TWP,BROOK TROUT,1100,10
5/15/2024,WILSON P (LOWER),GREENVILLE,L.L. SALMON,500,7
10/18/2024,CAESAR P,BOWDOIN,BROOK TROUT,200,12
12/3/2024,CAESAR P,BOWDOIN,BROOK TROUT,20,17
2/5/2024,CENTER P,PHIPPSBURG,BROOK TROUT,100,14
10/18/2024,CENTER P,PHIPPSBURG,BROOK TROUT,100,12
12/3/2024,CENTER P,PHIPPSBURG,BROOK TROUT,15,19
10/18/2024,CHARLES P,GEORGETOWN,BROOK TROUT,150,7
10/18/2024,CHARLES P,GEORGETOWN,BROOK TROUT,75,12
10/18/2024,EDDY P (BIG),TOPSHAM,BROOK TROUT,75,12
10/18/2024,EDDY P (BIG),TOPSHAM,BROOK TROUT,500,9
12/3/2024,EDDY P (BIG),TOPSHAM,BROOK TROUT,10,19
5/7/2024,NEQUASSET L,WOOLWICH,BROWN TROUT,300,9
10/17/2024,NEQUASSET L,WOOLWICH,RAINBOW TROUT,200,14
11/7/2024,NEQUASSET L,WOOLWICH,BROWN TROUT,500,12
11/23/2024,NEQUASSET L,WOOLWICH,RAINBOW TROUT,150,20
10/30/2024,SEWALL P,ARROWSIC,BROOK TROUT,250,13
11/19/2024,SEWALL P,ARROWSIC,BROOK TROUT,30,17
10/18/2024,SILVER L,PHIPPSBURG,BROOK TROUT,50,12
12/3/2024,SILVER L,PHIPPSBURG,BROOK TROUT,600,8
12/3/2024,SILVER L,PHIPPSBURG,BROOK TROUT,10,19
10/2/2024,SPRAGUE P,PHIPPSBURG,BROOK TROUT,200,8
5/20/2024,ATTEAN P,ATTEAN TWP,L.L. SALMON,1100,7
4/30/2024,AUSTIN P,BALD MOUNTAIN TWP T2,BROOK TROUT,1200,10
9/26/2024,AUSTIN P,BALD MOUNTAIN TWP T2,BROOK TROUT,550,12
9/26/2024,AUSTIN P (LITTLE),BALD MOUNTAIN TWP T2,BROOK TROUT,3800,6
10/18/2024,BAKER P,SOLON,BROOK TROUT,100,12
10/1/2024,BASIN P,PIERCE POND TWP,BROOK TROUT,1800,7
10/1/2024,BEAN P,PLEASANT RIDGE PLT,BROOK TROUT,800,6
9/30/2024,BEAVER P,FORSYTH TWP,BROOK TROUT,150,6
10/1/2024,BILL MORRIS P,T3 R5 BKP WKR,BROOK TROUT,500,6
10/1/2024,BLACK HILL P,EMBDEN,BROOK TROUT,1000,6
4/19/2024,CARRABASSETT R,NEW PORTLAND,BROOK TROUT,300,10
5/7/2024,CARRABASSETT R,NEW PORTLAND,BROOK TROUT,300,10
5/21/2024,CARRABASSETT R,NEW PORTLAND,RAINBOW TROUT,200,11
6/5/2024,CARRABASSETT R,NEW PORTLAND,RAINBOW TROUT,200,11
10/8/2024,CARRABASSETT R,NEW PORTLAND,BROOK TROUT,250,12
4/12/2024,CARRABASSETT STREAM,CANAAN,BROOK TROUT,300,10
5/22/2024,CHASE P,MOSCOW,BROOK TROUT,600,10
10/7/2024,CHASE STREAM P (LITTLE),MISERY TWP,BROOK TROUT,575,7
5/23/2024,CHUB P,HOBBSTOWN TWP,BROOK TROUT,250,10
9/30/2024,CLEARWATER P,ATTEAN TWP,BROOK TROUT,350,7
5/9/2024,CROCKER P,DENNISTOWN PLT,BROOK TROUT,2200,10
9/30/2024,DAYMOND P,MOOSE RIVER,BROOK TROUT,200,7
5/29/2024,DEAD RIVER,T3 R4 BKP WKR,BROOK TROUT,1300,9
5/29/2024,DEAD RIVER,T3 R4 BKP WKR,L.L. SALMON,100,7
10/22/2024,DEAD RIVER,T3 R4 BKP WKR,BROOK TROUT,250,13
10/22/2024,DEAD RIVER,T3 R4 BKP WKR,L.L. SALMON,100,14
9/30/2024,DEMO P,ROCKWOOD STRIP T2 R,BROOK TROUT,3800,7
10/1/2024,DIMMICK P (BIG),CARATUNK,BROOK TROUT,2600,6
10/1/2024,DIMMICK P (LITTLE),CARATUNK,BROOK TROUT,2500,6
5/1/2024,EMBDEN P,EMBDEN,BROOK TROUT,2750,10
10/24/2024,EMBDEN P,EMBDEN,L.L. SALMON,428,14
10/29/2024,EMBDEN P,EMBDEN,BROOK TROUT,1200,12
10/15/2024,FAHI P,EMBDEN,BROOK TROUT,350,12
11/15/2024,FAHI P,EMBDEN,BROOK TROUT,20,19
4/17/2024,FAIRFIELD REC (PAL) P,FAIRFIELD,BROOK TROUT,330,10
5/2/2024,FAIRFIELD REC (PAL) P,FAIRFIELD,BROOK TROUT,330,10
10/21/2024,FAIRFIELD REC (PAL) P,FAIRFIELD,BROOK TROUT,250,7
10/21/2024,FAIRFIELD REC (PAL) P,FAIRFIELD,BROOK TROUT,50,12
9/30/2024,FISH P,THORNDIKE TWP,BROOK TROUT,3050,7
10/1/2024,FISH P,MOXIE GORE,BROOK TROUT,600,6
10/16/2024,GREAT MOOSE L,HARTLAND,BROWN TROUT,800,12
9/30/2024,HALE P,ALDER BROOK TWP,BROOK TROUT,800,7
5/2/2024,HANCOCK P,EMBDEN,BROOK TROUT,550,10
10/10/2024,HANCOCK P,EMBDEN,BROOK TROUT,550,12
10/10/2024,HANCOCK P,EMBDEN,L.L. SALMON,100,13
5/7/2024,HARMONY FIRE P,HARMONY,BROOK TROUT,100,10
4/25/2024,HEALD STREAM,JACKMAN,BROOK TROUT,500,10
4/17/2024,HIGGINS B,HARMONY,BROOK TROUT,220,10
4/12/2024,HIGHT P,SKOWHEGAN,BROOK TROUT,200,10
5/20/2024,HOLEB P,HOLEB TWP,BROOK TROUT,1000,10
5/20/2024,HOLEB P,HOLEB TWP,L.L. SALMON,375,7
5/20/2024,HOLEB P,HOLEB TWP,SPLAKE,500,9
5/16/2024,HORSESHOE P,PIERCE POND TWP,BROOK TROUT,110,10
10/17/2024,INDIAN P (BIG),SAINT ALBANS,BROOK TROUT,500,13
10/7/2024,INDIAN P (LITTLE),SQUARETOWN TWP,BROOK TROUT,1250,6
4/17/2024,INDIAN STREAM SAINT,ALBANS,BROOK TROUT,330,10
4/26/2024,KENNEBEC R,SAPLING TWP,BROOK TROUT,1500,10
5/7/2024,KENNEBEC R,FAIRFIELD,BROWN TROUT,2000,9
5/14/2024,KENNEBEC R,SKOWHEGAN,BROWN TROUT,800,9
5/14/2024,KENNEBEC R,SOLON,BROWN TROUT,1750,9
5/20/2024,KENNEBEC R,ANSON,BROWN TROUT,2250,9
5/28/2024,KENNEBEC R,ANSON,BROWN TROUT,2000,9
6/7/2024,KENNEBEC R,EMBDEN,BROWN TROUT,650,9
6/25/2024,KENNEBEC R,SOLON,BROOK TROUT,200,10
9/24/2024,KENNEBEC R,SAPLING TWP,BROOK TROUT,800,12
10/7/2024,KENNEBEC R,ANSON,BROOK TROUT,500,13
5/16/2024,KILGORE P,PIERCE POND TWP,BROOK TROUT,525,10
10/1/2024,KILGORE P (UPPER),PIERCE POND TWP,BROOK TROUT,250,6
10/1/2024,KING P,BOWTOWN TWP,BROOK TROUT,450,7
10/29/2024,LAKE GEORGE,CANAAN,L.L. SALMON,50,12
10/29/2024,LAKE GEORGE,CANAAN,RAINBOW TROUT,500,14
10/30/2024,LAKE GEORGE,CANAAN,BROOK TROUT,300,8
10/30/2024,LAKE GEORGE,CANAAN,BROOK TROUT,400,12
11/7/2024,LAKE GEORGE,CANAAN,BROWN TROUT,200,12
9/30/2024,LANE P (LITTLE),HAMMOND TWP,BROOK TROUT,300,7
4/22/2024,LONG (MARTIN) P,THE FORKS PLT,BROOK TROUT,500,10
5/30/2024,LONG P,LONG POND TWP,BROOK TROUT,3000,10
10/2/2024,LONG P,FORSYTH TWP,BROOK TROUT,1000,8
9/30/2024,LOON P,ATTEAN TWP,BROOK TROUT,750,7
10/1/2024,LOST P,PLEASANT RIDGE PLT,BROOK TROUT,750,6
9/30/2024,LUTHER P,THORNDIKE TWP,BROOK TROUT,1500,7
4/22/2024,MACDOUGALL P,CARATUNK,BROOK TROUT,100,10
9/27/2024,MACDOUGALL P,CARATUNK,BROOK TROUT,100,12
10/2/2024,MCKENNEY P,HOLEB TWP,BROOK TROUT,1000,8
4/12/2024,MILL STREAM,EMBDEN,BROOK TROUT,70,10
5/1/2024,MILL STREAM,EMBDEN,BROOK TROUT,77,10
5/28/2024,MILL STREAM,EMBDEN,BROOK TROUT,70,10
10/1/2024,MOOSE P,BOWTOWN TWP,BROOK TROUT,650,7
5/9/2024,MOOSEHEAD L,ROCKWOOD STRIP T1 R,L.L. SALMON,1500,7
5/7/2024,MORRILL P,HARTLAND,BROOK TROUT,250,10
10/8/2024,MORRILL P,HARTLAND,BROWN TROUT,200,12
10/30/2024,MORRILL P,HARTLAND,BROOK TROUT,250,12
5/16/2024,MOSQUITO P,THE FORKS PLT,BROOK TROUT,500,10
5/21/2024,MOUNTAIN DIMMICK P,CARATUNK,BROOK TROUT,2400,3
5/22/2024,MOXIE P,THE FORKS PLT,L.L. SALMON,500,7
5/30/2024,MOXIE P,THE FORKS PLT,BROOK TROUT,2800,10
9/30/2024,OTTER P,SANDWICH ACADEMY GRANT TWP,BROOK TROUT,475,7
10/1/2024,OTTER P,BOWTOWN TWP,BROOK TROUT,4500,8
9/30/2024,OTTER P (LITTLE),SANDWICH ACADEMY GRANT TWP,BROOK TROUT,200,7
10/1/2024,OTTER P (NORTH),BOWTOWN TWP,BROOK TROUT,3000,7
5/22/2024,PALMER P,MAYFIELD TWP,BROOK TROUT,650,10
9/30/2024,PARADISE P (UPPER),PARLIN POND TWP,BROOK TROUT,75,7
5/2/2024,PARLIN P,PARLIN POND TWP,BROOK TROUT,2700,10
5/16/2024,PIERCE P,PIERCE POND TWP,L.L. SALMON,600,7
9/30/2024,RANCOURT P,DENNISTOWN PLT,BROOK TROUT,450,7
9/30/2024,RODERIQUE P,ROCKWOOD STRIP T2 R,BROOK TROUT,450,7
4/30/2024,ROWE P,PLEASANT RIDGE PLT,BROOK TROUT,1650,10
4/30/2024,SANDY P,EMBDEN,BROOK TROUT,440,10
10/8/2024,SANDY P,EMBDEN,BROWN TROUT,200,12
10/15/2024,SANDY P,EMBDEN,BROOK TROUT,650,12
10/15/2024,SANDY P,EMBDEN,BROOK TROUT,200,7
11/5/2024,SANDY P,EMBDEN,BROWN TROUT,13,18
5/13/2024,SANDY R,NORRIDGEWOCK,BROWN TROUT,800,9
4/25/2024,SANDY STREAM,JACKMAN,BROOK TROUT,500,10
4/25/2024,SEBASTICOOK R,HARTLAND,BROOK TROUT,150,10
4/25/2024,SEBASTICOOK R,PITTSFIELD,BROOK TROUT,750,10
10/24/2024,SHAW P (LOWER),T3 R4 BKP WKR,BROOK TROUT,150,12
10/4/2024,SMITH (WEEKS) P,BRIGHTON PLT,BROOK TROUT,375,12
10/8/2024,SMITH (WEEKS) P,BRIGHTON PLT,BROWN TROUT,300,12
11/5/2024,SMITH (WEEKS) P,BRIGHTON PLT,BROWN TROUT,13,18
9/30/2024,SMITH P,PARLIN POND TWP,BROOK TROUT,650,7
5/23/2024,SPENCER L,HOBBSTOWN TWP,L.L. SALMON,350,7
5/20/2024,SPLIT ROCK P PIERCE POND,TWP,BROOK TROUT,300,3
5/29/2024,SPRING L,T3 R4 BKP WKR,BROOK TROUT,1400,9
10/22/2024,SPRING L,T3 R4 BKP WKR,BROOK TROUT,950,13
10/22/2024,SPRING L,T3 R4 BKP WKR,L.L. SALMON,75,14
10/1/2024,SPRUCE P,LEXINGTON TWP,BROOK TROUT,1700,6
9/30/2024,SUGAR BERTH P,DENNISTOWN PLT,BROOK TROUT,900,7
5/20/2024,SUPPLY P,MOOSE RIVER,BROOK TROUT,400,10
4/23/2024,TIBBETTS P,CONCORD TWP,BROOK TROUT,100,10
5/29/2024,TIBBETTS P,CONCORD TWP,BROOK TROUT,100,10
6/6/2024,TIBBETTS P,CONCORD TWP,BROOK TROUT,100,10
10/29/2024,TIBBETTS P,CONCORD TWP,BROOK TROUT,100,7
10/29/2024,TIBBETTS P,CONCORD TWP,BROOK TROUT,100,13
9/30/2024,TRICKEY P,ALDER BROOK TWP,BROOK TROUT,450,7
4/23/2024,WENTWORTH P,SOLON,BROOK TROUT,500,10
10/3/2024,WENTWORTH P,SOLON,BROOK TROUT,525,12
10/3/2024,WENTWORTH P,SOLON,SPLAKE,400,13
11/5/2024,WENTWORTH P,SOLON,BROWN TROUT,21,18
5/3/2024,WESSERUNSETT L,MADISON,BROWN TROUT,1200,9
10/4/2024,WESSERUNSETT L,MADISON,BROOK TROUT,125,12
10/4/2024,WESSERUNSETT L,MADISON,BROOK TROUT,2000,12
10/16/2024,WESSERUNSETT L,MADISON,BROWN TROUT,800,12
11/5/2024,WESSERUNSETT L,MADISON,BROWN TROUT,47,18
11/8/2024,WESSERUNSETT L,MADISON,BROWN TROUT,900,12
5/3/2024,WESSERUNSETT STREAM,ATHENS,BROWN TROUT,400,9
5/1/2024,WOOD P (BIG),ATTEAN TWP,BROOK TROUT,2365,10
5/1/2024,WOOD P (BIG),ATTEAN TWP,L.L. SALMON,500,7
10/18/2024,WOOD P (BIG),ATTEAN TWP,SPLAKE,1000,13
10/30/2024,WOOD P (BIG),ATTEAN TWP,BROOK TROUT,100,18
5/20/2024,WOOD P (LITTLE BIG),DENNISTOWN PLT,SPLAKE,500,9
6/10/2024,WYMAN L,MOSCOW,SPLAKE,650,10
10/9/2024,WYMAN L,MOSCOW,SPLAKE,1400,13
4/25/2024,BOWLER (BELTON) P,PALERMO,BROOK TROUT,300,10
5/5/2024,DUTTON P,KNOX,BROOK TROUT,100,10
10/18/2024,DUTTON P,KNOX,BROOK TROUT,350,7
10/18/2024,DUTTON P,KNOX,BROOK TROUT,200,13
10/18/2024,DUTTON P,KNOX,BROWN TROUT,50,12
4/22/2024,GOOSE RIVER,BELFAST,BROOK TROUT,100,10
4/22/2024,GOOSE RIVER,SWANVILLE,BROOK TROUT,300,10
11/2/2024,GOOSE RIVER,BELFAST,BROOK TROUT,200,8
11/2/2024,GOOSE RIVER,SWANVILLE,BROOK TROUT,200,8
5/5/2024,HALFMOON P,PROSPECT,BROOK TROUT,200,10
11/2/2024,HALFMOON P,PROSPECT,BROOK TROUT,350,13
11/15/2024,KNIGHT P,NORTHPORT,BROOK TROUT,450,13
11/21/2024,KNIGHT P,NORTHPORT,BROOK TROUT,500,8
10/19/2024,LEVENSELLER P,SEARSMONT,BROOK TROUT,400,7
10/19/2024,LEVENSELLER P,SEARSMONT,BROOK TROUT,200,13
11/7/2024,LEVENSELLER P,SEARSMONT,BROOK TROUT,250,13
11/19/2024,LEVENSELLER P,SEARSMONT,BROOK TROUT,40,17
10/6/2024,MEGUNTICOOK L,LINCOLNVILLE,RAINBOW TROUT,1000,14
10/24/2024,MEGUNTICOOK L,LINCOLNVILLE,BROWN TROUT,200,12
11/7/2024,MEGUNTICOOK L,LINCOLNVILLE,BROWN TROUT,200,12
11/6/2024,MOODY P,LINCOLNVILLE,BROOK TROUT,200,13
11/6/2024,MOODY P,LINCOLNVILLE,BROOK TROUT,250,8
5/16/2024,NORTON P,LINCOLNVILLE,BROWN TROUT,100,9
11/5/2024,NORTON P,LINCOLNVILLE,BROOK TROUT,250,13
10/19/2024,QUANTABACOOK L,SEARSMONT,BROOK TROUT,400,13
4/25/2024,SAINT GEORGE L,LIBERTY,BROOK TROUT,500,10
5/30/2024,SAINT GEORGE L,LIBERTY,L.L. SALMON,1000,8
10/25/2024,SAINT GEORGE L,LIBERTY,BROOK TROUT,2000,7
4/18/2024,SAINT GEORGE R,SEARSMONT,BROOK TROUT,150,15
4/18/2024,SAINT GEORGE R,SEARSMONT,BROWN TROUT,150,14
5/10/2024,SAINT GEORGE R,SEARSMONT,BROOK TROUT,900,10
5/24/2024,SAINT GEORGE R,SEARSMONT,BROOK TROUT,240,10
5/28/2024,SAINT GEORGE R,SEARSMONT,BROWN TROUT,120,9
5/5/2024,SANBORN P,BROOKS,BROOK TROUT,250,10
10/18/2024,SANBORN P,BROOKS,BROOK TROUT,200,13
10/18/2024,SANBORN P,BROOKS,BROWN TROUT,100,12
5/6/2024,SANDY STREAM,UNITY,BROOK TROUT,500,10
4/24/2024,SEBASTICOOK R,BURNHAM,BROOK TROUT,250,10
4/18/2024,SHEEPSCOT P,PALERMO,BROOK TROUT,500,10
5/3/2024,SHEEPSCOT P,PALERMO,BROOK TROUT,500,10
10/25/2024,SHEEPSCOT P,PALERMO,BROOK TROUT,500,13
4/22/2024,SWAN L,SWANVILLE,BROOK TROUT,400,10
10/17/2024,SWAN L,SWANVILLE,BROOK TROUT,1000,7
10/2/2024,ACKLEY P,CUTLER,BROOK TROUT,400,8
10/1/2024,BERRYPATCH P,T31 MD BPP - DAY BLOC,BROOK TROUT,25,14
10/1/2024,BERRYPATCH P,T31 MD BPP - DAY BLOC,BROOK TROUT,150,8
10/22/2024,BOG L,NORTHFIELD,BROOK TROUT,600,14
10/22/2024,BOG L,NORTHFIELD,L.L. SALMON,300,11
11/13/2024,BOG L,NORTHFIELD,L.L. SALMON,50,15
5/7/2024,CATHANCE L,NO 14 TWP - CATHANCE,L.L. SALMON,500,7
5/1/2024,CLARK B (MAGURREWOCK S),CALAIS,BROOK TROUT,150,10
6/4/2024,COBSCOOK BAY STATE PARK P,EDMUNDS TWP,BROOK TROUT,400,9
5/1/2024,FARROW L,TOPSFIELD,BROOK TROUT,750,10
11/19/2024,FARROW L,TOPSFIELD,BROOK TROUT,750,8
4/10/2024,FOXHOLE P,DEBLOIS,BROOK TROUT,150,10
10/16/2024,FOXHOLE P,DEBLOIS,BROOK TROUT,50,13
10/16/2024,FOXHOLE P,DEBLOIS,BROOK TROUT,250,8
11/14/2024,FOXHOLE P,DEBLOIS,BROOK TROUT,10,18
6/5/2024,GARDNER L,EAST MACHIAS,L.L. SALMON,1500,7
10/9/2024,GOULDING L,ROBBINSTON,BROOK TROUT,1100,8
10/9/2024,GOULDING L,ROBBINSTON,BROOK TROUT,75,14
5/2/2024,GRAND L (EAST),DANFORTH,BROOK TROUT,1500,10
5/16/2024,GRAND L (EAST),DANFORTH,L.L. SALMON,2100,7
10/8/2024,GRAND L (EAST),DANFORTH,BROOK TROUT,600,13
5/23/2024,GRAND L (WEST),T6 ND BPP,L.L. SALMON,10000,7
5/2/2024,GRAND LAKE STREAM,GRAND LAKE STREAM PLT,BROOK TROUT,200,9
5/2/2024,GRAND LAKE STREAM,GRAND LAKE STREAM PLT,L.L. SALMON,200,11
5/22/2024,GRAND LAKE STREAM,GRAND LAKE STREAM PLT,BROOK TROUT,200,10
5/22/2024,GRAND LAKE STREAM,GRAND LAKE STREAM PLT,L.L. SALMON,300,12
4/22/2024,GRAND LAKE STREAM CANAL,GRAND LAKE STREAM PLT,BROOK TROUT,50,9
5/2/2024,GRAND LAKE STREAM CANAL,GRAND LAKE STREAM PLT,BROOK TROUT,150,9
5/14/2024,GRAND LAKE STREAM CANAL,GRAND LAKE STREAM PLT,BROOK TROUT,50,9
5/22/2024,GRAND LAKE STREAM CANAL,GRAND LAKE STREAM PLT,BROOK TROUT,150,10
5/17/2024,GREENLAND P (LITTLE),DANFORTH,BROOK TROUT,150,10
5/22/2024,HOSEA PUG L,T26 ED BPP,SPLAKE,150,10
5/1/2024,INDIAN L,WHITING,BROOK TROUT,600,10
10/23/2024,INDIAN L,WHITING,BROOK TROUT,2000,8
10/23/2024,INDIAN L,WHITING,BROOK TROUT,200,14
11/14/2024,INDIAN L,WHITING,BROOK TROUT,25,18
11/18/2024,INDIAN L,WHITING,BROOK TROUT,700,8
10/2/2024,JAMES P,CHARLOTTE,BROOK TROUT,1250,8
10/17/2024,KEENE L,CALAIS,BROOK TROUT,1500,8
10/17/2024,KEENE L,CALAIS,BROOK TROUT,150,14
11/18/2024,KEENE L,CALAIS,BROOK TROUT,700,8
5/21/2024,LAMBERT L,LAMBERT LAKE TWP,L.L. SALMON,250,7
6/6/2024,LAMBERT L,LAMBERT LAKE TWP,L.L. SALMON,50,7
9/26/2024,LAMBERT L,LAMBERT LAKE TWP,BROOK TROUT,1000,8
10/2/2024,LEDGE (BALD LEDGE) P,CHARLOTTE,BROOK TROUT,800,8
5/1/2024,LILY L,TRESCOTT TWP,BROOK TROUT,150,10
10/17/2024,LILY L,TRESCOTT TWP,BROOK TROUT,1100,8
10/16/2024,LONG L,MARION TWP,SPLAKE,250,13
10/1/2024,LOVE L,T19 ED BPP,L.L. SALMON,200,11
5/7/2024,MEDDYBEMPS L,BAILEYVILLE,L.L. SALMON,350,7
6/5/2024,MEDDYBEMPS L,BAILEYVILLE,L.L. SALMON,250,7
5/8/2024,MEYERS P (NORTH),COLUMBIA,BROOK TROUT,150,9
10/8/2024,MEYERS P (NORTH),COLUMBIA,BROOK TROUT,300,8
5/8/2024,MEYERS P (SOUTH),COLUMBIA,BROOK TROUT,100,9
10/9/2024,MIC-MAC P,DEBLOIS,BROOK TROUT,1000,7
10/9/2024,MIC-MAC P,DEBLOIS,BROOK TROUT,100,13
5/1/2024,MIDDLE R,MARSHFIELD,BROOK TROUT,450,10
10/9/2024,MONEYMAKER L,ROBBINSTON,BROOK TROUT,600,8
10/10/2024,MONROE L,T43 MD BPP,BROOK TROUT,3150,8
10/11/2024,MONROE P (EAST),T43 MD BPP,BROOK TROUT,600,8
10/11/2024,MONROE P (WEST),T43 MD BPP,BROOK TROUT,500,8
10/8/2024,MONTEGAIL P,T19 MD BPP,BROOK TROUT,2500,8
10/8/2024,MONTEGAIL P,T19 MD BPP,BROOK TROUT,175,14
11/14/2024,MONTEGAIL P,T19 MD BPP,BROOK TROUT,25,18
10/1/2024,MOPANG L,DEVEREAUX TWP,L.L. SALMON,300,11
10/16/2024,MOPANG L,DEVEREAUX TWP,SPLAKE,400,13
11/13/2024,MOPANG L,DEVEREAUX TWP,L.L. SALMON,55,19
5/15/2024,MUSQUASH L (EAST),TOPSFIELD,BROOK TROUT,800,9
5/15/2024,MUSQUASH L (EAST),TOPSFIELD,L.L. SALMON,320,7
6/6/2024,MUSQUASH L (EAST),TOPSFIELD,L.L. SALMON,80,7
10/9/2024,NASHS L,CALAIS,BROOK TROUT,400,8
10/9/2024,NASHS L,CALAIS,L.L. SALMON,300,11
11/13/2024,NASHS L,CALAIS,L.L. SALMON,35,19
10/2/2024,NORSE P,CUTLER,BROOK TROUT,350,8
10/2/2024,PATRICK L,MARION TWP,BROOK TROUT,100,13
10/16/2024,PEAKED MOUNTAIN P,NORTHFIELD,SPLAKE,250,13
10/1/2024,PEEP L,T30 MD BPP,BROOK TROUT,1300,8
10/1/2024,PENNAMAQUAN L,CHARLOTTE,BROWN TROUT,1200,12
10/8/2024,PIKE BROOK P (EAST),T18 MD BPP,BROOK TROUT,300,8
10/8/2024,PIKE BROOK P (WEST),T18 MD BPP,BROOK TROUT,1200,8
10/9/2024,PIKE BROOK P (WEST),T18 MD BPP,BROOK TROUT,75,13
10/9/2024,PINEO P,DEBLOIS,BROOK TROUT,100,7
10/9/2024,PINEO P,DEBLOIS,BROOK TROUT,50,13
5/7/2024,PLEASANT L,ALEXANDER,L.L. SALMON,175,7
5/15/2024,PLEASANT L,KOSSUTH TWP,BROOK TROUT,1000,9
5/15/2024,PLEASANT L,KOSSUTH TWP,L.L. SALMON,600,7
10/1/2024,PLEASANT RIVER L,BEDDINGTON,L.L. SALMON,25,11
10/16/2024,PLEASANT RIVER L,BEDDINGTON,SPLAKE,350,13
10/28/2024,PLEASANT RIVER L,BEDDINGTON,BROOK TROUT,700,13
11/14/2024,PLEASANT RIVER L,BEDDINGTON,BROOK TROUT,40,18
5/23/2024,POCUMCUS L,T6 ND BPP,L.L. SALMON,500,7
10/2/2024,PORK BARREL L,T6 R1 NBPP,BROOK TROUT,500,8
10/2/2024,ROUND L,CHARLOTTE,BROWN TROUT,525,12
10/1/2024,SALMON P,T30 MD BPP,BROOK TROUT,50,14
10/1/2024,SALMON P,T30 MD BPP,BROOK TROUT,400,8
5/8/2024,SCHOODIC L,CHERRYFIELD,L.L. SALMON,250,7
10/9/2024,SCHOODIC L,CHERRYFIELD,BROOK TROUT,75,13
5/22/2024,SECOND L (OLD STREAM),T37 MD BPP,SPLAKE,350,10
4/23/2024,SIMPSON P,ROQUE BLUFFS,BROWN TROUT,50,9
5/1/2024,SIMPSON P,ROQUE BLUFFS,BROOK TROUT,400,10
5/1/2024,SIX MILE L,MARSHFIELD,BROOK TROUT,100,10
10/22/2024,SIX MILE L,MARSHFIELD,BROOK TROUT,200,14
10/22/2024,SIX MILE L,MARSHFIELD,BROOK TROUT,1000,8
11/14/2024,SIX MILE L,MARSHFIELD,BROOK TROUT,25,18
10/16/2024,SOUTHWEST P,BEDDINGTON,SPLAKE,25,13
10/8/2024,SPECTACLE P (EAST),DEBLOIS,BROOK TROUT,850,8
5/21/2024,SPEDNIC L,VANCEBORO,L.L. SALMON,600,7
5/21/2024,SPEDNIC L,FOREST CITY TWP,L.L. SALMON,1000,8
5/28/2024,SPEDNIC L,FOREST CITY TWP,L.L. SALMON,833,8
6/6/2024,SPEDNIC L,VANCEBORO,L.L. SALMON,1010,7
9/24/2024,TOMAH L,FOREST CITY TWP,BROOK TROUT,500,8
10/2/2024,VINING L,COOPER,BROOK TROUT,850,8
10/9/2024,VINING L,COOPER,BROOK TROUT,50,14
10/15/2024,ADAMS P (ROCK HAVEN),NEWFIELD,BROOK TROUT,250,12
10/17/2024,ALEWIFE P,KENNEBUNK,BROOK TROUT,50,12
10/31/2024,ALEWIFE P,KENNEBUNK,BROOK TROUT,10,17
4/10/2024,BATSON R,KENNEBUNKPORT,BROOK TROUT,200,10
5/10/2024,BROWN B,LIMERICK,BROWN TROUT,200,10
4/10/2024,CAPE NEDDICK R,YORK,BROOK TROUT,200,10
5/7/2024,CASCADE FALLS B,SACO,BROOK TROUT,200,10
4/16/2024,COOKS B,DAYTON,BROOK TROUT,200,10
5/1/2024,COOKS B,DAYTON,BROOK TROUT,200,10
5/10/2024,DEER P,HOLLIS,BROWN TROUT,100,10
10/16/2024,DEER P,HOLLIS,BROOK TROUT,600,8
10/16/2024,DEER P,HOLLIS,BROOK TROUT,100,12
11/1/2024,DEER P,HOLLIS,BROWN TROUT,50,12
5/20/2024,ELL (L) P,WELLS,RAINBOW TROUT,160,11
4/10/2024,GOFF MILL B,KENNEBUNKPORT,BROOK TROUT,300,10
4/16/2024,GREAT B,LEBANON,BROOK TROUT,100,10
5/3/2024,GREAT B,LEBANON,BROOK TROUT,100,10
4/16/2024,GREAT WORKS R,SOUTH BERWICK,BROOK TROUT,100,10
4/16/2024,GREAT WORKS R,NORTH BERWICK,BROOK TROUT,400,10
4/16/2024,GREAT WORKS R,SANFORD,BROOK TROUT,200,10
5/3/2024,GREAT WORKS R,SANFORD,BROOK TROUT,200,10
5/3/2024,GREAT WORKS R,NORTH BERWICK,BROOK TROUT,400,10
5/8/2024,GREAT WORKS R,SOUTH BERWICK,BROOK TROUT,100,10
5/10/2024,GREAT WORKS R,NORTH BERWICK,BROWN TROUT,800,10
5/10/2024,GREAT WORKS R,SOUTH BERWICK,BROWN TROUT,300,10
6/7/2024,GREAT WORKS R,NORTH BERWICK,BROOK TROUT,150,10
5/7/2024,GREEN B,WELLS,BROOK TROUT,100,10
2/8/2024,HORNE (PEQUAWKET) P,LIMINGTON,BROOK TROUT,100,14
4/2/2024,HORNE (PEQUAWKET) P,LIMINGTON,BROOK TROUT,400,10
5/10/2024,HORNE (PEQUAWKET) P,LIMINGTON,BROWN TROUT,150,10
10/17/2024,HORNE (PEQUAWKET) P,LIMINGTON,BROOK TROUT,50,12
11/1/2024,HORNE (PEQUAWKET) P,LIMINGTON,BROWN TROUT,75,12
12/3/2024,HORNE (PEQUAWKET) P,LIMINGTON,BROWN TROUT,50,18
4/2/2024,ISINGLASS P,WATERBORO,BROOK TROUT,200,10
4/10/2024,JOSIAS R,YORK,BROOK TROUT,75,10
5/7/2024,JOSIAS R,YORK,BROOK TROUT,150,10
4/16/2024,KEAY B,BERWICK,BROOK TROUT,200,10
4/9/2024,KENNEBUNK P,LYMAN,BROOK TROUT,500,10
10/16/2024,KENNEBUNK P,LYMAN,BROOK TROUT,300,12
10/22/2024,KENNEBUNK P,LYMAN,BROWN TROUT,150,12
10/22/2024,KENNEBUNK P,LYMAN,RAINBOW TROUT,200,14
11/8/2024,KENNEBUNK P,LYMAN,BROOK TROUT,15,19
12/2/2024,KENNEBUNK P,LYMAN,RAINBOW TROUT,25,20
4/18/2024,KENNEBUNK R,KENNEBUNK,BROOK TROUT,300,10
4/18/2024,KENNEBUNK R,KENNEBUNK,BROOK TROUT,200,10
5/1/2024,KENNEBUNK R,KENNEBUNK,BROOK TROUT,500,10
5/13/2024,KENNEBUNK R,KENNEBUNK,BROWN TROUT,800,9
5/8/2024,KITTERY CLUB P,KITTERY,BROOK TROUT,100,10
4/16/2024,KNIGHT P,SOUTH BERWICK,BROOK TROUT,150,10
10/16/2024,KNIGHT P,SOUTH BERWICK,BROOK TROUT,750,8
10/16/2024,KNIGHT P,SOUTH BERWICK,BROOK TROUT,200,12
11/8/2024,KNIGHT P,SOUTH BERWICK,BROOK TROUT,15,19
4/16/2024,LEAVITT B,LIMERICK,BROOK TROUT,100,10
5/8/2024,LEAVITT B,LIMERICK,BROOK TROUT,100,10
4/16/2024,LITTLE R,LEBANON,BROOK TROUT,100,10
4/16/2024,LITTLE R,BERWICK,BROOK TROUT,300,10
5/3/2024,LITTLE R,LEBANON,BROOK TROUT,150,10
5/3/2024,LITTLE R,BERWICK,BROOK TROUT,300,10
5/8/2024,LITTLE R,BERWICK,BROOK TROUT,200,10
5/8/2024,LITTLE R,LEBANON,BROOK TROUT,200,10
5/9/2024,LITTLE R,BUXTON,BROOK TROUT,950,10
5/13/2024,LITTLE R,BERWICK,BROWN TROUT,400,9
5/15/2024,LITTLE R,LEBANON,BROWN TROUT,700,9
4/16/2024,LITTLEFIELD P,SANFORD,BROOK TROUT,350,10
10/17/2024,LITTLEFIELD P,SANFORD,BROOK TROUT,75,12
10/17/2024,LITTLEFIELD P,SANFORD,BROOK TROUT,550,8
10/11/2024,LONG P,PARSONSFIELD,BROOK TROUT,250,12
10/21/2024,LONG P,PARSONSFIELD,BROWN TROUT,300,12
11/20/2024,LONG P,PARSONSFIELD,BROOK TROUT,15,19
4/16/2024,MATHEW'S MILL P,BERWICK,BROOK TROUT,200,10
4/18/2024,MERRILAND R,WELLS,BROOK TROUT,300,10
5/7/2024,MERRILAND R,WELLS,BROOK TROUT,300,10
5/13/2024,MERRILAND R,WELLS,BROWN TROUT,1150,9
5/7/2024,MILLIKEN MILLS P,OLD ORCHARD BEACH,BROOK TROUT,200,10
10/15/2024,MOOSE P,ACTON,BROOK TROUT,50,12
10/15/2024,MOUSAM L,SHAPLEIGH,BROOK TROUT,375,12
10/16/2024,MOUSAM L,SHAPLEIGH,BROWN TROUT,1170,12
10/29/2024,MOUSAM L,SHAPLEIGH,L.L. SALMON,200,12
11/8/2024,MOUSAM L,SHAPLEIGH,BROOK TROUT,20,19
12/3/2024,MOUSAM L,SHAPLEIGH,L.L. SALMON,40,20
4/16/2024,MOUSAM R,SANFORD,BROOK TROUT,350,10
4/16/2024,MOUSAM R,SHAPLEIGH,BROOK TROUT,150,10
5/3/2024,MOUSAM R,SHAPLEIGH,BROOK TROUT,100,10
5/3/2024,MOUSAM R,SANFORD,BROOK TROUT,300,10
5/7/2024,MOUSAM R,KENNEBUNK,BROOK TROUT,300,10
5/13/2024,MOUSAM R,KENNEBUNK,BROWN TROUT,500,9
5/15/2024,MOUSAM R,SHAPLEIGH,BROWN TROUT,300,9
5/15/2024,MOUSAM R,SANFORD,BROWN TROUT,900,9
10/8/2024,MOUSAM R,KENNEBUNK,BROWN TROUT,1200,12
10/17/2024,MOUSAM R,KENNEBUNK,BROOK TROUT,100,12
10/17/2024,MOUSAM R,SANFORD,BROOK TROUT,150,12
10/17/2024,MOUSAM R,SHAPLEIGH,BROOK TROUT,50,12
11/28/2024,MOUSAM R,SANFORD,BROWN TROUT,13,18
12/3/2024,MOUSAM R,KENNEBUNK,BROWN TROUT,50,18
12/3/2024,MOUSAM R,SANFORD,BROWN TROUT,20,18
12/3/2024,MOUSAM R,SHAPLEIGH,BROWN TROUT,20,18
4/16/2024,NEOUTAQUET R,NORTH BERWICK,BROOK TROUT,250,10
5/3/2024,NEOUTAQUET R,NORTH BERWICK,BROOK TROUT,300,10
5/7/2024,NONESUCH R,SACO,BROOK TROUT,100,10
4/10/2024,OGUNQUIT R,WELLS,BROOK TROUT,300,10
5/7/2024,OGUNQUIT R,WELLS,BROOK TROUT,300,10
5/13/2024,OGUNQUIT R,WELLS,BROWN TROUT,600,9
10/21/2024,OGUNQUIT R,WELLS,BROWN TROUT,400,12
11/28/2024,OGUNQUIT R,WELLS,BROWN TROUT,13,18
4/3/2024,OSSIPEE L (LITTLE),WATERBORO,RAINBOW TROUT,2800,10
10/15/2024,OSSIPEE L (LITTLE),WATERBORO,BROOK TROUT,400,12
10/29/2024,OSSIPEE L (LITTLE),WATERBORO,L.L. SALMON,200,12
11/8/2024,OSSIPEE L (LITTLE),WATERBORO,BROOK TROUT,25,19
12/2/2024,OSSIPEE L (LITTLE),WATERBORO,RAINBOW TROUT,50,20
12/3/2024,OSSIPEE L (LITTLE),WATERBORO,L.L. SALMON,20,20
4/24/2024,OSSIPEE R (LITTLE),SHAPLEIGH,BROOK TROUT,100,10
4/24/2024,OSSIPEE R (LITTLE),NEWFIELD,BROOK TROUT,100,10
4/24/2024,OSSIPEE R (LITTLE),LIMINGTON,BROOK TROUT,200,10
4/24/2024,OSSIPEE R (LITTLE),LIMERICK,BROOK TROUT,475,10
4/30/2024,OSSIPEE R (LITTLE),LIMERICK,BROWN TROUT,600,9
4/30/2024,OSSIPEE R (LITTLE),SHAPLEIGH,BROWN TROUT,700,9
4/30/2024,OSSIPEE R (LITTELD,NEWFIELD,BROWN TROUT,350,9
5/8/2024,OSSIPEE R (LITTLE),NEWFIELD,BROOK TROUT,100,10
5/8/2024,OSSIPEE R (LITTLE),LIMERICK,BROOK TROUT,275,10
5/8/2024,OSSIPEE R (LITTLE),SHAPLEIGH,BROOK TROUT,100,10
10/16/2024,PARKER (BARKER) P,LYMAN,BROOK TROUT,750,8
10/16/2024,PARKER (BARKER) P,LYMAN,BROOK TROUT,100,12
11/8/2024,PARKER (BARKER) P,LYMAN,BROOK TROUT,15,19
4/24/2024,PENDEXTER B,PARSONSFIELD,BROOK TROUT,150,10
4/9/2024,ROUND P,LYMAN,BROOK TROUT,200,10
10/16/2024,ROUND P,LYMAN,BROOK TROUT,300,8
10/16/2024,ROUND P,LYMAN,BROOK TROUT,50,12
4/25/2024,SACO R,BUXTON,BROOK TROUT,200,10
5/2/2024,SACO R,DAYTON,BROOK TROUT,400,10
5/2/2024,SACO R,LIMINGTON,BROWN TROUT,300,9
5/2/2024,SACO R,DAYTON,BROWN TROUT,500,9
5/2/2024,SACO R,BUXTON,BROWN TROUT,750,9
5/9/2024,SACO R,BUXTON,BROOK TROUT,500,10
10/17/2024,SACO R,BUXTON,BROOK TROUT,150,12
10/17/2024,SACO R,DAYTON,BROOK TROUT,150,12
11/20/2024,SACO R,BUXTON,BROOK TROUT,50,12
5/7/2024,SMELT B,YORK,BROOK TROUT,100,10
4/24/2024,SOUTH R,PARSONSFIELD,BROOK TROUT,150,10
5/8/2024,SOUTH R,PARSONSFIELD,BROOK TROUT,150,10
10/21/2024,SQUARE P,SHAPLEIGH,BROWN TROUT,500,12
10/21/2024,STEVENS B,WELLS,BROWN TROUT,800,12
4/16/2024,SWAN POND B,DAYTON,BROOK TROUT,300,10
5/1/2024,SWAN POND B,DAYTON,BROOK TROUT,400,10
10/15/2024,SYMMES P,NEWFIELD,BROOK TROUT,100,12
11/8/2024,SYMMES P,NEWFIELD,BROOK TROUT,15,19
4/16/2024,THACHER B,BIDDEFORD,BROOK TROUT,100,10
5/8/2024,TOWN OFFICE (MEMORIAL) P,HOLLIS,BROOK TROUT,200,10
4/18/2024,UNNAMED B,YORK,BROOK TROUT,100,10
4/18/2024,WARD B,KENNEBUNK,BROOK TROUT,150,10
5/1/2024,WARD B,KENNEBUNK,BROOK TROUT,150,10
5/20/2024,WARREN P,SOUTH BERWICK,RAINBOW TROUT,200,11
5/7/2024,WEST B,WELLS,BROOK TROUT,150,10
4/12/2024,WILCOX P,BIDDEFORD,BROOK TROUT,200,10
5/1/2024,WILCOX P,BIDDEFORD,BROOK TROUT,100,10
5/24/2024,WILCOX P,BIDDEFORD,BROOK TROUT,100,10
5/29/2024,WILSON L,ACTON,BROWN TROUT,300,9
10/15/2024,WILSON L,ACTON,BROOK TROUT,250,12
11/1/2024,WILSON L,ACTON,BROWN TROUT,100,12
11/8/2024,WILSON L,ACTON,BROOK TROUT,15,19
11/28/2024,WILSON L,ACTON,BROWN TROUT,17,18
4/10/2024,WORSTER B,BERWICK,BROOK TROUT,200,10
5/3/2024,WORSTER B,BERWICK,BROOK TROUT,200,10
10/16/2024,YORK P,ELIOT,BROOK TROUT,200,12
5/7/2024,YORK R,ELIOT,BROOK TROUT,200,10
